iso-date,tmin,tmax,tavg,globrad,precip,wind,relhumid
2011-01-01,-2.21,2.19,-0.01,1.108,0.6,0.0,80.0
2011-01-02,0.7,3.88,2.29,3.781,0.0,0.0,80.0
2011-01-03,-0.45,2.25,0.9,2.551,0.0,0.0,80.0
2011-01-04,-2.93,0.05,-1.44,3.208,0.0,0.0,80.0
2011-01-05,-2.38,5.77,1.69,4.261,9.7,0.0,80.0
2011-01-06,2.08,11.5,6.79,0.546,29.3,0.0,80.0
2011-01-07,6.69,11.27,8.98,0.868,3.8,0.0,80.0
2011-01-08,8.72,12.4,10.56,1.799,6.7,0.0,80.0
2011-01-09,2.92,7.51,5.21,3.983,0.0,0.0,80.0
2011-01-10,-1.17,3.56,1.2,3.015,1.2,0.0,80.0
2011-01-11,0.37,8.65,4.51,1.752,4.0,0.0,80.0
2011-01-12,4.0,12.18,8.09,0.522,6.4,0.0,80.0
2011-01-13,10.13,13.59,11.86,0.994,0.0,0.0,80.0
2011-01-14,9.71,13.29,11.5,2.529,2.8,0.0,80.0
2011-01-15,7.07,11.11,9.09,3.991,0.0,0.0,80.0
2011-01-16,5.06,11.91,8.48,4.469,0.0,0.0,80.0
2011-01-17,4.18,8.41,6.29,1.333,0.4,0.0,80.0
2011-01-18,5.3,8.91,7.11,1.867,0.6,0.0,80.0
2011-01-19,0.12,4.67,2.4,2.591,0.0,0.0,80.0
2011-01-20,-0.06,5.11,2.53,5.291,0.4,0.0,80.0
2011-01-21,-1.28,1.89,0.3,2.644,0.0,0.0,80.0
2011-01-22,-0.26,5.71,2.73,1.5,0.2,0.0,80.0
2011-01-23,2.33,6.2,4.27,1.587,1.0,0.0,80.0
2011-01-24,4.06,6.99,5.53,1.841,1.0,0.0,80.0
2011-01-25,0.01,6.32,3.17,1.212,2.8,0.0,80.0
2011-01-26,4.13,6.95,5.54,1.219,1.6,0.0,80.0
2011-01-27,0.61,3.75,2.18,4.969,0.0,0.0,80.0
2011-01-28,-2.18,1.05,-0.57,4.174,0.0,0.0,80.0
2011-01-29,-1.17,0.23,-0.47,2.184,0.0,0.0,80.0
2011-01-30,-3.68,-0.1,-1.89,8.108,0.0,0.0,80.0
2011-01-31,-4.3,-2.2,-3.25,1.813,0.0,0.0,80.0
2011-02-01,-5.1,0.14,-2.48,1.717,0.8,0.0,80.0
2011-02-02,-0.85,3.15,1.15,3.059,1.4,0.0,80.0
2011-02-03,1.18,8.86,5.02,4.598,0.2,0.0,80.0
2011-02-04,3.0,9.88,6.44,1.862,0.0,0.0,80.0
2011-02-05,8.79,10.61,9.7,1.65,0.0,0.0,80.0
2011-02-06,7.59,9.17,8.38,2.444,0.0,0.0,80.0
2011-02-07,2.05,12.91,7.48,7.957,0.0,0.0,80.0
2011-02-08,1.62,8.46,5.04,6.712,0.2,0.0,80.0
2011-02-09,2.04,5.51,3.77,1.685,0.0,0.0,80.0
2011-02-10,2.52,11.34,6.93,2.132,3.2,0.0,80.0
2011-02-11,9.84,15.15,12.5,5.173,0.6,0.0,80.0
2011-02-12,7.72,11.16,9.44,3.735,1.0,0.0,80.0
2011-02-13,0.75,8.38,4.57,4.123,1.0,0.0,80.0
2011-02-14,4.57,8.68,6.63,4.151,0.2,0.0,80.0
2011-02-15,1.64,7.07,4.36,3.09,0.2,0.0,80.0
2011-02-16,1.54,9.23,5.38,5.055,0.0,0.0,80.0
2011-02-17,1.09,10.68,5.88,8.695,0.0,0.0,80.0
2011-02-18,-0.29,4.15,1.93,3.074,0.0,0.0,80.0
2011-02-19,2.52,5.84,4.18,2.787,1.6,0.0,80.0
2011-02-20,3.52,5.19,4.36,1.586,0.6,0.0,80.0
2011-02-21,2.39,4.48,3.44,2.587,0.0,0.0,80.0
2011-02-22,0.02,6.77,3.39,9.484,0.0,0.0,80.0
2011-02-23,-2.18,4.63,1.22,2.291,6.2,0.0,80.0
2011-02-24,1.61,10.49,6.05,2.812,1.2,0.0,80.0
2011-02-25,6.38,10.06,8.22,4.302,0.2,0.0,80.0
2011-02-26,7.33,10.79,9.06,2.372,8.6,0.0,80.0
2011-02-27,4.04,7.63,5.83,5.045,0.4,0.0,80.0
2011-02-28,0.91,4.9,2.91,2.962,0.0,0.0,80.0
2011-03-01,1.5,8.33,4.92,10.409,0.0,0.0,80.0
2011-03-02,0.84,9.84,5.34,12.003,0.0,0.0,80.0
2011-03-03,-0.74,6.57,2.92,12.084,0.0,0.0,80.0
2011-03-04,-0.6,9.14,4.27,12.302,0.0,0.0,80.0
2011-03-05,-0.83,4.14,1.65,10.789,0.0,0.0,80.0
2011-03-06,-0.21,7.44,3.62,13.96,0.0,0.0,80.0
2011-03-07,-0.41,9.7,4.64,14.366,0.0,0.0,80.0
2011-03-08,-2.25,14.26,6.0,13.518,0.0,0.0,80.0
2011-03-09,4.42,11.17,7.79,7.257,0.0,0.0,80.0
2011-03-10,2.13,10.07,6.1,5.588,0.2,0.0,80.0
2011-03-11,7.11,11.96,9.54,7.474,0.0,0.0,80.0
2011-03-12,2.51,14.79,8.65,10.032,0.8,0.0,80.0
2011-03-13,7.83,11.58,9.71,2.923,0.0,0.0,80.0
2011-03-14,6.95,12.13,9.54,4.649,0.0,0.0,80.0
2011-03-15,4.92,19.14,12.03,14.998,0.0,0.0,80.0
2011-03-16,6.63,16.17,11.4,13.925,0.0,0.0,80.0
2011-03-17,4.92,6.69,5.8,1.65,0.0,0.0,80.0
2011-03-18,3.43,10.97,7.2,6.238,2.4,0.0,80.0
2011-03-19,5.05,8.07,6.56,4.162,0.0,0.0,80.0
2011-03-20,-0.5,11.83,5.67,13.687,0.0,0.0,80.0
2011-03-21,-1.23,14.45,6.61,17.258,0.0,0.0,80.0
2011-03-22,1.88,16.53,9.21,16.491,0.0,0.0,80.0
2011-03-23,3.84,17.71,10.78,16.342,0.0,0.0,80.0
2011-03-24,5.0,19.46,12.23,17.258,0.0,0.0,80.0
2011-03-25,2.48,19.59,11.04,16.593,0.0,0.0,80.0
2011-03-26,5.98,16.86,11.42,10.802,0.0,0.0,80.0
2011-03-27,4.24,17.15,10.7,16.277,0.0,0.0,80.0
2011-03-28,3.57,14.69,9.13,16.821,0.0,0.0,80.0
2011-03-29,0.45,17.89,9.17,17.008,0.0,0.0,80.0
2011-03-30,8.91,13.67,11.29,4.52,3.0,0.0,80.0
2011-03-31,9.84,15.67,12.75,5.458,5.9,0.0,80.0
2011-04-01,12.42,15.86,14.14,6.328,0.4,0.0,80.0
2011-04-02,8.63,23.83,16.23,17.144,2.8,0.0,80.0
2011-04-03,9.31,12.27,10.79,4.675,1.8,0.0,80.0
2011-04-04,7.0,13.55,10.28,11.524,0.0,0.0,80.0
2011-04-05,2.31,14.5,8.4,7.936,0.0,0.0,80.0
2011-04-06,7.73,22.76,15.25,19.121,0.0,0.0,80.0
2011-04-07,8.54,21.13,14.83,20.164,0.0,0.0,80.0
2011-04-08,7.49,19.6,13.55,19.076,0.0,0.0,80.0
2011-04-09,5.54,19.34,12.44,20.937,0.0,0.0,80.0
2011-04-10,6.86,23.37,15.12,20.84,0.0,0.0,80.0
2011-04-11,7.05,19.95,13.5,18.692,0.0,0.0,80.0
2011-04-12,5.73,13.19,9.46,17.257,0.0,0.0,80.0
2011-04-13,0.23,14.19,7.21,15.685,0.0,0.0,80.0
2011-04-14,6.42,14.78,10.6,15.149,0.0,0.0,80.0
2011-04-15,8.35,15.86,12.11,13.738,0.0,0.0,80.0
2011-04-16,1.98,17.64,9.81,18.903,0.0,0.0,80.0
2011-04-17,3.45,17.81,10.63,20.363,0.0,0.0,80.0
2011-04-18,5.05,20.23,12.64,22.354,0.0,0.0,80.0
2011-04-19,8.76,23.73,16.25,22.577,0.0,0.0,80.0
2011-04-20,8.08,24.03,16.05,21.936,0.0,0.0,80.0
2011-04-21,8.98,23.73,16.36,22.25,0.0,0.0,80.0
2011-04-22,9.14,25.23,17.19,22.128,0.0,0.0,80.0
2011-04-23,8.0,25.63,16.81,21.772,0.0,0.0,80.0
2011-04-24,9.94,24.67,17.3,18.684,0.0,0.0,80.0
2011-04-25,10.15,24.05,17.1,22.776,0.0,0.0,80.0
2011-04-26,8.24,20.87,14.55,22.404,0.0,0.0,80.0
2011-04-27,9.27,17.76,13.52,21.549,0.0,0.0,80.0
2011-04-28,8.75,14.79,11.77,4.769,11.2,0.0,80.0
2011-04-29,7.8,19.68,13.74,12.14,2.8,0.0,80.0
2011-04-30,9.63,20.86,15.25,19.454,8.0,0.0,80.0
2011-05-01,9.5,21.52,15.51,21.991,0.0,0.0,80.0
2011-05-02,8.81,18.48,13.64,24.316,0.0,0.0,80.0
2011-05-03,5.26,16.0,10.63,24.393,0.0,0.0,80.0
2011-05-04,3.58,16.96,10.27,25.83,0.0,0.0,80.0
2011-05-05,3.89,19.32,11.61,24.82,0.0,0.0,80.0
2011-05-06,7.33,23.94,15.64,23.115,0.0,0.0,80.0
2011-05-07,10.66,25.53,18.09,24.037,0.0,0.0,80.0
2011-05-08,15.39,24.19,19.79,18.154,0.0,0.0,80.0
2011-05-09,10.82,24.5,17.66,24.359,0.0,0.0,80.0
2011-05-10,12.96,23.07,18.02,20.272,0.0,0.0,80.0
2011-05-11,8.26,20.35,14.3,24.398,0.0,0.0,80.0
2011-05-12,7.26,17.75,12.5,22.483,0.0,0.0,80.0
2011-05-13,3.11,19.94,11.53,24.881,0.0,0.0,80.0
2011-05-14,6.13,18.01,12.07,21.803,0.0,0.0,80.0
2011-05-15,7.86,15.42,11.64,15.895,0.0,0.0,80.0
2011-05-16,6.92,17.47,12.2,10.636,0.2,0.0,80.0
2011-05-17,9.22,20.12,14.67,22.673,0.0,0.0,80.0
2011-05-18,6.26,23.42,14.84,26.487,0.0,0.0,80.0
2011-05-19,9.02,20.17,14.6,16.138,0.8,0.0,80.0
2011-05-20,8.66,20.26,14.46,18.792,3.0,0.0,80.0
2011-05-21,3.57,23.33,13.45,26.142,0.0,0.0,80.0
2011-05-22,12.31,19.9,16.11,21.856,0.0,0.0,80.0
2011-05-23,4.7,24.45,14.57,28.243,0.0,0.0,80.0
2011-05-24,9.4,18.34,13.87,26.855,0.0,0.0,80.0
2011-05-25,1.38,23.34,12.36,29.196,0.0,0.0,80.0
2011-05-26,8.06,18.53,13.3,15.729,0.0,0.0,80.0
2011-05-27,10.49,16.54,13.52,12.101,0.0,0.0,80.0
2011-05-28,3.55,20.79,12.17,25.768,0.0,0.0,80.0
2011-05-29,8.47,24.42,16.45,25.39,0.0,0.0,80.0
2011-05-30,8.33,29.62,18.98,22.813,0.2,0.0,80.0
2011-05-31,11.08,17.32,14.2,16.389,0.0,0.0,80.0
2011-06-01,3.94,20.86,12.4,29.893,0.0,0.0,80.0
2011-06-02,8.12,24.61,16.36,30.343,0.0,0.0,80.0
2011-06-03,11.92,26.78,19.35,28.233,0.0,0.0,80.0
2011-06-04,16.33,30.17,23.25,21.92,4.2,0.0,80.0
2011-06-05,17.47,25.28,21.38,14.716,15.9,0.0,80.0
2011-06-06,14.94,20.22,17.58,7.391,2.6,0.0,80.0
2011-06-07,12.15,19.02,15.59,7.999,4.6,0.0,80.0
2011-06-08,7.77,19.31,13.54,22.124,0.2,0.0,80.0
2011-06-09,7.47,19.61,13.54,21.439,0.0,0.0,80.0
2011-06-10,10.16,16.47,13.31,10.364,12.6,0.0,80.0
2011-06-11,6.24,17.38,11.81,19.666,0.0,0.0,80.0
2011-06-12,4.78,19.74,12.26,18.745,0.4,0.0,80.0
2011-06-13,11.91,22.06,16.98,14.105,3.0,0.0,80.0
2011-06-14,13.84,23.78,18.81,19.844,0.0,0.0,80.0
2011-06-15,15.65,23.43,19.54,19.802,3.5,0.0,80.0
2011-06-16,15.75,20.78,18.27,16.775,3.9,0.0,80.0
2011-06-17,7.01,17.92,12.46,10.792,1.4,0.0,80.0
2011-06-18,10.87,18.01,14.44,16.406,4.2,0.0,80.0
2011-06-19,11.04,18.6,14.82,14.096,4.0,0.0,80.0
2011-06-20,10.52,20.91,15.71,10.319,2.8,0.0,80.0
2011-06-21,14.8,21.83,18.31,14.857,2.2,0.0,80.0
2011-06-22,13.4,20.01,16.71,14.586,7.0,0.0,80.0
2011-06-23,12.38,19.09,15.73,23.941,0.0,0.0,80.0
2011-06-24,7.32,19.47,13.39,22.015,0.0,0.0,80.0
2011-06-25,11.84,22.22,17.03,13.334,0.0,0.0,80.0
2011-06-26,13.48,26.96,20.22,23.136,0.2,0.0,80.0
2011-06-27,16.12,33.89,25.01,26.933,0.0,0.0,80.0
2011-06-28,19.48,33.63,26.55,20.863,3.2,0.0,80.0
2011-06-29,15.36,21.76,18.56,18.872,0.2,0.0,80.0
2011-06-30,7.74,21.29,14.52,15.626,0.0,0.0,80.0
2011-07-01,7.76,21.38,14.57,26.076,0.0,0.0,80.0
2011-07-02,7.25,20.54,13.89,23.759,0.0,0.0,80.0
2011-07-03,6.21,22.28,14.25,28.303,0.0,0.0,80.0
2011-07-04,8.41,24.11,16.26,29.885,0.0,0.0,80.0
2011-07-05,8.85,29.06,18.95,26.596,0.2,0.0,80.0
2011-07-06,14.13,23.26,18.7,18.539,0.6,0.0,80.0
2011-07-07,8.82,23.02,15.92,21.494,0.0,0.0,80.0
2011-07-08,11.79,22.74,17.27,16.626,2.2,0.0,80.0
2011-07-09,14.44,21.12,17.78,13.762,0.4,0.0,80.0
2011-07-10,13.9,22.31,18.11,11.151,0.0,0.0,80.0
2011-07-11,10.31,26.01,18.16,25.908,0.0,0.0,80.0
2011-07-12,15.05,22.54,18.8,11.301,0.6,0.0,80.0
2011-07-13,12.96,18.64,15.8,9.034,0.6,0.0,80.0
2011-07-14,9.26,20.39,14.82,15.619,0.0,0.0,80.0
2011-07-15,8.94,25.58,17.26,24.987,0.0,0.0,80.0
2011-07-16,11.74,20.6,16.17,7.784,15.1,0.0,80.0
2011-07-17,12.79,19.5,16.14,15.254,1.2,0.0,80.0
2011-07-18,13.07,18.8,15.94,13.746,0.2,0.0,80.0
2011-07-19,11.67,17.12,14.39,6.6,19.4,0.0,80.0
2011-07-20,10.35,19.8,15.07,11.942,0.0,0.0,80.0
2011-07-21,12.94,21.5,17.22,14.781,0.2,0.0,80.0
2011-07-22,14.65,20.67,17.66,19.234,0.2,0.0,80.0
2011-07-23,6.11,16.78,11.45,10.621,14.1,0.0,80.0
2011-07-24,11.45,20.99,16.22,24.047,0.0,0.0,80.0
2011-07-25,10.85,22.43,16.64,15.009,0.4,0.0,80.0
2011-07-26,13.02,20.63,16.82,15.528,0.0,0.0,80.0
2011-07-27,13.66,18.03,15.85,7.415,4.0,0.0,80.0
2011-07-28,13.31,21.61,17.46,12.406,0.0,0.0,80.0
2011-07-29,13.94,22.86,18.4,18.992,0.2,0.0,80.0
2011-07-30,9.92,19.85,14.89,15.683,0.0,0.0,80.0
2011-07-31,7.02,22.98,15.0,25.622,0.2,0.0,80.0
2011-08-01,8.91,25.43,17.17,26.795,0.0,0.0,80.0
2011-08-02,11.58,28.18,19.88,21.188,1.6,0.0,80.0
2011-08-03,17.8,24.67,21.23,10.458,0.8,0.0,80.0
2011-08-04,11.59,25.63,18.61,15.001,6.7,0.0,80.0
2011-08-05,12.94,21.44,17.19,10.257,4.7,0.0,80.0
2011-08-06,15.02,22.29,18.66,8.841,0.8,0.0,80.0
2011-08-07,11.62,21.35,16.48,19.088,8.5,0.0,80.0
2011-08-08,12.06,20.61,16.34,17.792,0.2,0.0,80.0
2011-08-09,12.33,19.8,16.07,18.57,0.0,0.0,80.0
2011-08-10,7.93,22.07,15.0,24.986,0.0,0.0,80.0
2011-08-11,10.99,25.53,18.26,16.851,0.4,0.0,80.0
2011-08-12,16.29,19.63,17.96,9.442,1.0,0.0,80.0
2011-08-13,13.51,20.0,16.75,6.916,20.5,0.0,80.0
2011-08-14,15.03,20.6,17.82,10.249,0.2,0.0,80.0
2011-08-15,9.82,22.57,16.2,22.945,0.0,0.0,80.0
2011-08-16,13.52,24.55,19.04,16.969,0.0,0.0,80.0
2011-08-17,11.66,24.13,17.89,14.424,0.2,0.0,80.0
2011-08-18,15.56,27.12,21.34,15.143,0.0,0.0,80.0
2011-08-19,16.38,22.3,19.34,16.429,0.0,0.0,80.0
2011-08-20,10.2,27.42,18.81,23.189,1.4,0.0,80.0
2011-08-21,18.27,29.56,23.91,16.418,0.0,0.0,80.0
2011-08-22,14.54,24.03,19.29,12.595,4.8,0.0,80.0
2011-08-23,16.24,25.66,20.95,16.07,9.1,0.0,80.0
2011-08-24,16.09,22.0,19.05,12.04,0.0,0.0,80.0
2011-08-25,13.9,24.71,19.3,15.73,12.3,0.0,80.0
2011-08-26,15.6,18.54,17.07,5.398,4.4,0.0,80.0
2011-08-27,11.65,18.72,15.18,12.282,3.6,0.0,80.0
2011-08-28,10.26,18.53,14.39,12.494,0.2,0.0,80.0
2011-08-29,9.12,18.85,13.98,16.106,0.2,0.0,80.0
2011-08-30,6.14,18.62,12.38,14.495,0.2,0.0,80.0
2011-08-31,6.89,19.56,13.22,18.284,0.0,0.0,80.0
2011-09-01,11.3,25.21,18.26,18.977,0.0,0.0,80.0
2011-09-02,14.89,27.73,21.31,19.103,0.0,0.0,80.0
2011-09-03,15.49,29.92,22.71,18.324,18.5,0.0,80.0
2011-09-04,16.52,22.24,19.38,10.405,1.2,0.0,80.0
2011-09-05,10.97,18.89,14.93,14.987,0.2,0.0,80.0
2011-09-06,11.66,18.75,15.21,7.97,7.4,0.0,80.0
2011-09-07,12.72,18.76,15.74,14.084,0.0,0.0,80.0
2011-09-08,13.35,18.22,15.79,4.472,5.6,0.0,80.0
2011-09-09,15.5,22.89,19.2,6.207,1.2,0.0,80.0
2011-09-10,16.38,29.21,22.8,16.253,0.0,0.0,80.0
2011-09-11,15.3,17.87,16.59,6.205,1.0,0.0,80.0
2011-09-12,13.14,22.27,17.7,9.29,0.0,0.0,80.0
2011-09-13,14.02,20.21,17.12,14.009,0.0,0.0,80.0
2011-09-14,8.09,18.56,13.32,12.665,0.2,0.0,80.0
2011-09-15,6.92,19.97,13.45,17.943,0.0,0.0,80.0
2011-09-16,8.95,21.65,15.3,10.162,0.4,0.0,80.0
2011-09-17,11.29,17.66,14.47,7.422,9.3,0.0,80.0
2011-09-18,8.87,15.67,12.27,9.151,5.4,0.0,80.0
2011-09-19,7.85,18.84,13.34,16.107,0.2,0.0,80.0
2011-09-20,9.96,17.86,13.91,7.697,0.0,0.0,80.0
2011-09-21,12.91,19.12,16.02,8.175,0.0,0.0,80.0
2011-09-22,10.03,18.65,14.34,12.386,0.2,0.0,80.0
2011-09-23,6.29,19.11,12.7,14.003,0.2,0.0,80.0
2011-09-24,6.93,21.57,14.25,15.458,0.2,0.0,80.0
2011-09-25,8.98,24.14,16.56,14.747,0.2,0.0,80.0
2011-09-26,12.53,24.76,18.64,13.31,0.0,0.0,80.0
2011-09-27,13.74,25.14,19.44,14.627,0.2,0.0,80.0
2011-09-28,13.15,26.73,19.94,14.964,0.2,0.0,80.0
2011-09-29,12.54,26.21,19.38,14.691,0.0,0.0,80.0
2011-09-30,11.71,26.94,19.33,14.341,0.2,0.0,80.0
2011-10-01,11.21,27.94,19.58,13.984,0.0,0.0,80.0
2011-10-02,10.89,26.41,18.65,13.839,0.2,0.0,80.0
2011-10-03,9.19,26.66,17.93,13.936,0.0,0.0,80.0
2011-10-04,12.75,18.31,15.53,3.031,0.2,0.0,80.0
2011-10-05,15.61,19.04,17.32,5.469,0.2,0.0,80.0
2011-10-06,11.13,17.36,14.25,4.758,6.3,0.0,80.0
2011-10-07,7.2,14.73,10.96,9.646,0.6,0.0,80.0
2011-10-08,6.91,13.23,10.07,5.746,2.8,0.0,80.0
2011-10-09,10.85,16.52,13.68,2.254,8.1,0.0,80.0
2011-10-10,15.22,18.23,16.73,4.5,0.0,0.0,80.0
2011-10-11,14.54,17.09,15.81,3.929,0.2,0.0,80.0
2011-10-12,13.41,15.61,14.51,4.3,1.4,0.0,80.0
2011-10-13,12.42,16.8,14.61,8.184,0.4,0.0,80.0
2011-10-14,5.07,15.04,10.05,12.481,0.0,0.0,80.0
2011-10-15,1.04,13.9,7.47,12.261,0.0,0.0,80.0
2011-10-16,1.81,16.29,9.05,11.439,0.0,0.0,80.0
2011-10-17,4.42,16.8,10.61,7.132,0.0,0.0,80.0
2011-10-18,7.89,12.93,10.41,2.239,3.8,0.0,80.0
2011-10-19,5.76,12.71,9.23,8.739,0.2,0.0,80.0
2011-10-20,1.3,11.1,6.2,10.168,0.0,0.0,80.0
2011-10-21,-1.32,11.75,5.21,10.607,0.0,0.0,80.0
2011-10-22,0.88,7.71,4.29,5.584,0.2,0.0,80.0
2011-10-23,2.59,15.26,8.93,9.974,0.0,0.0,80.0
2011-10-24,4.9,15.55,10.23,9.607,5.4,0.0,80.0
2011-10-25,10.25,16.18,13.21,4.277,2.9,0.0,80.0
2011-10-26,7.84,14.85,11.34,9.254,0.0,0.0,80.0
2011-10-27,7.0,17.13,12.06,8.264,0.0,0.0,80.0
2011-10-28,9.7,17.23,13.46,6.171,0.0,0.0,80.0
2011-10-29,11.42,17.03,14.23,3.88,0.2,0.0,80.0
2011-10-30,9.68,16.45,13.06,5.915,0.0,0.0,80.0
2011-10-31,7.65,16.61,12.13,8.218,0.4,0.0,80.0
2011-11-01,7.21,16.53,11.87,5.085,7.9,0.0,80.0
2011-11-02,8.33,14.12,11.22,4.144,0.0,0.0,80.0
2011-11-03,12.32,16.62,14.47,1.81,2.0,0.0,80.0
2011-11-04,11.63,17.39,14.51,6.299,4.6,0.0,80.0
2011-11-05,11.12,17.54,14.33,5.033,0.2,0.0,80.0
2011-11-06,11.24,13.33,12.29,2.696,0.0,0.0,80.0
2011-11-07,8.9,10.03,9.46,0.691,0.2,0.0,80.0
2011-11-08,8.54,10.97,9.75,1.121,0.8,0.0,80.0
2011-11-09,10.04,15.57,12.8,4.527,0.0,0.0,80.0
2011-11-10,6.1,8.17,7.13,2.924,0.0,0.0,80.0
2011-11-11,6.02,7.95,6.98,1.534,0.0,0.0,80.0
2011-11-12,4.79,12.61,8.7,5.018,0.2,0.0,80.0
2011-11-13,5.58,8.09,6.83,1.799,0.0,0.0,80.0
2011-11-14,3.38,6.99,5.19,3.319,0.0,0.0,80.0
2011-11-15,1.19,4.16,2.67,1.682,0.0,0.0,80.0
2011-11-16,0.72,3.46,2.09,1.663,0.0,0.0,80.0
2011-11-17,2.34,8.79,5.56,1.318,0.2,0.0,80.0
2011-11-18,7.73,10.32,9.03,1.829,0.2,0.0,80.0
2011-11-19,4.28,11.0,7.64,5.675,0.2,0.0,80.0
2011-11-20,0.23,13.27,6.75,5.642,0.2,0.0,80.0
2011-11-21,0.34,10.69,5.51,4.067,0.2,0.0,80.0
2011-11-22,4.06,13.28,8.67,4.708,1.0,0.0,80.0
2011-11-23,3.69,10.24,6.96,1.457,0.0,0.0,80.0
2011-11-24,7.86,9.03,8.45,0.85,0.2,0.0,80.0
2011-11-25,4.94,8.87,6.9,0.638,0.2,0.0,80.0
2011-11-26,1.75,9.29,5.52,4.09,0.2,0.0,80.0
2011-11-27,5.77,12.89,9.33,1.656,0.0,0.0,80.0
2011-11-28,0.61,6.76,3.69,2.024,0.2,0.0,80.0
2011-11-29,4.1,10.22,7.16,1.39,0.2,0.0,80.0
2011-11-30,2.97,10.91,6.94,4.596,0.8,0.0,80.0
2011-12-01,2.36,13.11,7.73,1.098,1.6,0.0,80.0
2011-12-02,5.0,9.45,7.22,4.207,0.8,0.0,80.0
2011-12-03,4.57,11.38,7.98,0.669,9.7,0.0,80.0
2011-12-04,8.26,11.36,9.81,1.283,16.1,0.0,80.0
2011-12-05,2.46,6.9,4.68,3.277,4.4,0.0,80.0
2011-12-06,4.12,8.59,6.36,2.167,8.6,0.0,80.0
2011-12-07,5.42,10.5,7.96,2.875,2.0,0.0,80.0
2011-12-08,1.19,11.41,6.3,1.904,3.8,0.0,80.0
2011-12-09,4.98,8.95,6.96,2.783,0.0,0.0,80.0
2011-12-10,0.02,5.9,2.96,2.525,0.0,0.0,80.0
2011-12-11,2.32,9.09,5.71,3.382,6.0,0.0,80.0
2011-12-12,5.46,9.81,7.63,3.815,1.6,0.0,80.0
2011-12-13,5.03,11.34,8.19,1.653,10.1,0.0,80.0
2011-12-14,4.79,8.47,6.63,2.473,1.2,0.0,80.0
2011-12-15,4.31,12.8,8.55,1.93,16.5,0.0,80.0
2011-12-16,2.86,11.59,7.22,0.876,6.4,0.0,80.0
2011-12-17,1.66,7.25,4.46,3.417,5.8,0.0,80.0
2011-12-18,0.6,4.83,2.71,4.241,4.4,0.0,80.0
2011-12-19,-1.71,5.8,2.04,2.831,4.2,0.0,80.0
2011-12-20,0.96,7.97,4.46,2.627,1.4,0.0,80.0
2011-12-21,2.73,10.17,6.45,0.743,3.0,0.0,80.0
2011-12-22,7.73,12.39,10.06,3.073,0.2,0.0,80.0
2011-12-23,8.12,9.02,8.57,1.173,2.4,0.0,80.0
2011-12-24,3.43,7.51,5.47,3.889,0.0,0.0,80.0
2011-12-25,3.73,9.8,6.77,2.124,0.0,0.0,80.0
2011-12-26,8.0,9.93,8.96,0.74,0.2,0.0,80.0
2011-12-27,1.36,6.11,3.74,2.192,0.0,0.0,80.0
2011-12-28,2.62,6.54,4.58,0.57,0.4,0.0,80.0
2011-12-29,2.37,8.2,5.29,2.242,9.2,0.0,80.0
2011-12-30,4.01,10.19,7.1,2.804,11.1,0.0,80.0
2011-12-31,4.98,11.97,8.48,0.965,0.8,0.0,80.0
2012-01-01,11.1,13.87,12.48,0.79,8.7,0.0,80.0
2012-01-02,2.63,8.95,5.79,2.374,2.8,0.0,80.0
2012-01-03,3.11,12.3,7.71,0.936,2.4,0.0,80.0
2012-01-04,4.1,9.21,6.66,3.807,4.2,0.0,80.0
2012-01-05,6.95,11.39,9.17,2.208,4.4,0.0,80.0
2012-01-06,2.26,7.92,5.09,4.078,0.0,0.0,80.0
2012-01-07,1.71,11.42,6.56,2.522,1.6,0.0,80.0
2012-01-08,4.15,8.3,6.23,1.904,0.8,0.0,80.0
2012-01-09,6.13,10.91,8.52,3.104,0.2,0.0,80.0
2012-01-10,7.29,10.25,8.77,1.774,0.0,0.0,80.0
2012-01-11,7.17,11.01,9.09,4.107,0.2,0.0,80.0
2012-01-12,2.94,9.18,6.06,3.254,0.2,0.0,80.0
2012-01-13,0.37,7.55,3.96,4.884,0.2,0.0,80.0
2012-01-14,-2.88,7.12,2.12,5.046,0.0,0.0,80.0
2012-01-15,-1.87,5.19,1.66,5.576,0.0,0.0,80.0
2012-01-16,-2.38,4.7,1.16,5.494,0.0,0.0,80.0
2012-01-17,-3.35,3.46,0.05,5.186,0.0,0.0,80.0
2012-01-18,-3.46,9.78,3.16,1.58,1.2,0.0,80.0
2012-01-19,4.09,11.77,7.93,0.643,5.8,0.0,80.0
2012-01-20,5.0,8.51,6.75,1.445,2.4,0.0,80.0
2012-01-21,7.37,11.4,9.38,1.546,1.2,0.0,80.0
2012-01-22,4.71,10.19,7.45,2.151,0.2,0.0,80.0
2012-01-23,2.24,8.69,5.46,4.26,0.0,0.0,80.0
2012-01-24,0.3,5.9,3.1,2.089,4.0,0.0,80.0
2012-01-25,3.49,8.36,5.92,1.31,1.8,0.0,80.0
2012-01-26,5.22,10.15,7.69,2.127,1.6,0.0,80.0
2012-01-27,0.15,8.61,4.38,6.559,3.4,0.0,80.0
2012-01-28,1.73,3.8,2.76,1.187,3.9,0.0,80.0
2012-01-29,-0.08,0.68,0.3,1.732,0.0,0.0,80.0
2012-01-30,-1.7,-0.54,-1.12,0.705,0.0,0.0,80.0
2012-01-31,-1.77,1.58,-0.09,3.104,0.0,0.0,80.0
2012-02-01,-6.14,-1.71,-3.92,6.931,0.0,0.0,80.0
2012-02-02,-8.22,-2.3,-5.26,7.79,0.0,0.0,80.0
2012-02-03,-9.91,-3.38,-6.64,4.847,0.0,0.0,80.0
2012-02-04,-10.92,-3.51,-7.21,8.827,0.0,0.0,80.0
2012-02-05,-9.29,-2.92,-6.1,5.264,0.0,0.0,80.0
2012-02-06,-6.93,-0.51,-3.72,5.941,0.0,0.0,80.0
2012-02-07,-10.75,-3.72,-7.24,8.523,0.0,0.0,80.0
2012-02-08,-7.13,-1.14,-4.13,7.153,0.0,0.0,80.0
2012-02-09,-9.28,-0.75,-5.01,7.647,0.0,0.0,80.0
2012-02-10,-8.77,0.2,-4.29,9.424,0.0,0.0,80.0
2012-02-11,-9.94,-0.81,-5.38,10.135,0.0,0.0,80.0
2012-02-12,-9.87,0.16,-4.85,6.508,0.0,0.0,80.0
2012-02-13,-1.27,4.49,1.61,3.047,4.8,0.0,80.0
2012-02-14,1.97,6.32,4.15,4.478,2.0,0.0,80.0
2012-02-15,2.49,8.87,5.68,4.213,2.0,0.0,80.0
2012-02-16,3.5,6.86,5.18,2.837,0.2,0.0,80.0
2012-02-17,1.81,7.92,4.87,2.643,1.0,0.0,80.0
2012-02-18,6.11,9.08,7.6,2.331,2.4,0.0,80.0
2012-02-19,0.27,6.13,3.2,8.95,0.0,0.0,80.0
2012-02-20,-3.9,5.81,0.95,11.152,0.0,0.0,80.0
2012-02-21,-2.0,6.34,2.17,4.172,0.0,0.0,80.0
2012-02-22,-1.63,8.41,3.39,9.534,0.0,0.0,80.0
2012-02-23,4.56,10.79,7.67,2.597,0.6,0.0,80.0
2012-02-24,8.55,11.12,9.84,3.18,0.0,0.0,80.0
2012-02-25,7.31,9.0,8.15,1.892,0.2,0.0,80.0
2012-02-26,3.21,7.99,5.6,4.37,0.0,0.0,80.0
2012-02-27,-0.81,10.28,4.73,5.739,0.0,0.0,80.0
2012-02-28,6.98,10.19,8.59,2.202,0.2,0.0,80.0
2012-02-29,7.94,10.05,9.0,2.322,0.0,0.0,80.0
2012-03-01,5.54,13.23,9.38,10.471,0.2,0.0,80.0
2012-03-02,7.19,9.99,8.59,1.734,0.0,0.0,80.0
2012-03-03,7.32,12.07,9.7,5.243,0.2,0.0,80.0
2012-03-04,5.94,11.11,8.53,3.704,5.2,0.0,80.0
2012-03-05,1.96,3.78,2.87,1.642,19.2,0.0,80.0
2012-03-06,2.63,6.12,4.38,3.929,0.2,0.0,80.0
2012-03-07,-1.27,7.02,2.88,3.434,8.7,0.0,80.0
2012-03-08,0.41,9.31,4.86,10.124,0.0,0.0,80.0
2012-03-09,-0.01,12.8,6.4,10.129,0.0,0.0,80.0
2012-03-10,6.89,11.94,9.41,4.577,0.0,0.0,80.0
2012-03-11,7.83,13.7,10.77,7.281,0.2,0.0,80.0
2012-03-12,1.87,15.61,8.74,13.849,0.0,0.0,80.0
2012-03-13,6.5,12.27,9.38,8.686,0.2,0.0,80.0
2012-03-14,2.81,11.68,7.25,8.667,0.2,0.0,80.0
2012-03-15,1.83,19.38,10.61,15.487,0.0,0.0,80.0
2012-03-16,5.33,21.19,13.26,11.484,0.2,0.0,80.0
2012-03-17,4.78,10.37,7.57,2.958,0.2,0.0,80.0
2012-03-18,6.0,11.69,8.84,8.038,0.0,0.0,80.0
2012-03-19,4.0,11.34,7.67,13.597,0.0,0.0,80.0
2012-03-20,-1.27,13.4,6.07,15.248,0.0,0.0,80.0
2012-03-21,2.77,16.51,9.64,16.338,0.0,0.0,80.0
2012-03-22,4.49,19.44,11.96,15.831,0.0,0.0,80.0
2012-03-23,5.73,20.61,13.17,16.529,0.0,0.0,80.0
2012-03-24,7.19,20.32,13.76,16.182,0.4,0.0,80.0
2012-03-25,7.01,19.16,13.09,16.211,0.0,0.0,80.0
2012-03-26,4.99,19.75,12.37,18.169,0.0,0.0,80.0
2012-03-27,5.25,19.85,12.55,18.053,0.0,0.0,80.0
2012-03-28,6.14,19.92,13.03,17.617,0.0,0.0,80.0
2012-03-29,3.6,19.74,11.67,17.676,0.0,0.0,80.0
2012-03-30,3.3,14.34,8.82,16.784,0.2,0.0,80.0
2012-03-31,7.51,11.18,9.34,4.07,0.0,0.0,80.0
2012-04-01,-0.09,11.43,5.67,19.109,0.0,0.0,80.0
2012-04-02,0.66,15.26,7.96,19.148,0.0,0.0,80.0
2012-04-03,3.19,17.07,10.13,18.728,2.6,0.0,80.0
2012-04-04,0.79,12.51,6.65,10.185,0.4,0.0,80.0
2012-04-05,4.9,8.81,6.86,4.043,0.0,0.0,80.0
2012-04-06,2.93,12.33,7.63,19.169,0.0,0.0,80.0
2012-04-07,4.51,11.9,8.21,9.25,0.8,0.0,80.0
2012-04-08,0.53,9.77,5.15,12.398,0.8,0.0,80.0
2012-04-09,6.27,11.54,8.9,5.673,8.3,0.0,80.0
2012-04-10,8.46,11.13,9.8,4.898,9.9,0.0,80.0
2012-04-11,2.82,12.7,7.76,13.834,2.4,0.0,80.0
2012-04-12,-0.18,12.3,6.06,13.49,7.1,0.0,80.0
2012-04-13,-0.9,13.8,6.45,17.528,0.0,0.0,80.0
2012-04-14,3.3,12.71,8.01,17.816,0.0,0.0,80.0
2012-04-15,4.05,9.66,6.86,11.964,0.0,0.0,80.0
2012-04-16,1.64,10.63,6.14,16.003,0.0,0.0,80.0
2012-04-17,-1.4,9.53,4.06,7.789,4.6,0.0,80.0
2012-04-18,3.36,12.27,7.81,10.382,4.0,0.0,80.0
2012-04-19,4.37,14.32,9.35,16.492,0.0,0.0,80.0
2012-04-20,1.44,12.41,6.92,11.588,4.6,0.0,80.0
2012-04-21,5.35,12.69,9.02,15.15,1.0,0.0,80.0
2012-04-22,3.84,11.9,7.87,15.454,2.4,0.0,80.0
2012-04-23,2.34,10.59,6.46,10.851,10.6,0.0,80.0
2012-04-24,6.08,12.51,9.29,10.94,5.0,0.0,80.0
2012-04-25,3.0,12.23,7.62,6.765,1.8,0.0,80.0
2012-04-26,9.13,15.85,12.49,13.46,6.1,0.0,80.0
2012-04-27,9.53,14.66,12.09,11.515,0.8,0.0,80.0
2012-04-28,10.15,16.89,13.52,5.135,1.4,0.0,80.0
2012-04-29,12.99,17.75,15.37,11.929,1.2,0.0,80.0
2012-04-30,7.13,18.56,12.84,14.542,3.8,0.0,80.0
2012-05-01,9.16,18.54,13.85,19.036,0.0,0.0,80.0
2012-05-02,9.37,11.8,10.59,4.598,6.9,0.0,80.0
2012-05-03,9.44,15.47,12.46,7.88,0.4,0.0,80.0
2012-05-04,6.31,16.8,11.55,15.472,4.8,0.0,80.0
2012-05-05,8.03,10.13,9.08,5.566,1.0,0.0,80.0
2012-05-06,7.46,9.86,8.66,4.745,0.2,0.0,80.0
2012-05-07,3.31,16.95,10.13,18.936,0.0,0.0,80.0
2012-05-08,9.61,19.13,14.37,11.569,1.2,0.0,80.0
2012-05-09,12.82,21.29,17.05,11.328,1.8,0.0,80.0
2012-05-10,14.09,26.27,20.18,14.143,0.0,0.0,80.0
2012-05-11,11.92,17.07,14.5,10.06,0.0,0.0,80.0
2012-05-12,7.6,14.89,11.25,21.022,0.0,0.0,80.0
2012-05-13,2.47,14.67,8.57,27.861,0.0,0.0,80.0
2012-05-14,2.25,18.24,10.24,27.142,0.4,0.0,80.0
2012-05-15,5.93,12.19,9.06,13.603,5.4,0.0,80.0
2012-05-16,2.36,14.4,8.38,24.929,0.0,0.0,80.0
2012-05-17,2.02,15.17,8.6,19.679,0.4,0.0,80.0
2012-05-18,8.88,16.85,12.87,11.544,1.0,0.0,80.0
2012-05-19,8.94,19.8,14.37,21.348,3.5,0.0,80.0
2012-05-20,10.43,21.74,16.09,15.807,0.0,0.0,80.0
2012-05-21,10.74,12.73,11.73,4.604,1.4,0.0,80.0
2012-05-22,10.75,18.4,14.57,6.33,0.0,0.0,80.0
2012-05-23,11.32,23.91,17.62,18.683,0.0,0.0,80.0
2012-05-24,12.61,27.37,19.99,25.767,0.0,0.0,80.0
2012-05-25,15.91,25.51,20.71,28.738,0.0,0.0,80.0
2012-05-26,11.08,25.05,18.07,29.055,0.0,0.0,80.0
2012-05-27,11.56,27.65,19.61,28.716,0.0,0.0,80.0
2012-05-28,10.67,26.59,18.63,23.105,0.0,0.0,80.0
2012-05-29,8.6,24.74,16.67,27.38,0.2,0.0,80.0
2012-05-30,10.2,23.52,16.86,22.309,0.0,0.0,80.0
2012-05-31,12.32,20.54,16.43,19.518,0.0,0.0,80.0
2012-06-01,13.15,21.21,17.18,11.971,0.0,0.0,80.0
2012-06-02,12.49,22.76,17.63,21.405,2.0,0.0,80.0
2012-06-03,14.84,18.56,16.7,10.889,0.0,0.0,80.0
2012-06-04,10.43,13.89,12.16,6.294,1.2,0.0,80.0
2012-06-05,2.05,17.03,9.54,22.187,15.5,0.0,80.0
2012-06-06,11.41,19.31,15.36,14.053,3.6,0.0,80.0
2012-06-07,11.63,21.48,16.55,11.888,7.1,0.0,80.0
2012-06-08,11.95,19.57,15.76,19.298,4.9,0.0,80.0
2012-06-09,7.35,17.59,12.47,21.243,0.2,0.0,80.0
2012-06-10,7.87,18.9,13.38,14.169,10.3,0.0,80.0
2012-06-11,12.75,17.65,15.2,10.424,8.8,0.0,80.0
2012-06-12,8.14,17.9,13.02,10.307,12.5,0.0,80.0
2012-06-13,9.84,15.38,12.61,9.673,0.4,0.0,80.0
2012-06-14,5.91,19.73,12.82,23.816,10.5,0.0,80.0
2012-06-15,13.21,20.79,17.0,10.107,12.2,0.0,80.0
2012-06-16,14.31,19.17,16.74,11.242,0.2,0.0,80.0
2012-06-17,9.15,21.31,15.23,24.58,21.2,0.0,80.0
2012-06-18,12.63,18.58,15.61,17.033,0.2,0.0,80.0
2012-06-19,7.74,19.9,13.82,15.977,0.2,0.0,80.0
2012-06-20,11.88,23.57,17.73,25.863,1.0,0.0,80.0
2012-06-21,13.89,23.7,18.8,10.856,2.0,0.0,80.0
2012-06-22,11.48,20.37,15.93,23.006,0.0,0.0,80.0
2012-06-23,11.84,19.82,15.83,19.802,0.0,0.0,80.0
2012-06-24,9.3,15.31,12.3,6.172,11.7,0.0,80.0
2012-06-25,8.71,20.79,14.75,18.775,0.0,0.0,80.0
2012-06-26,10.89,20.66,15.78,14.959,0.2,0.0,80.0
2012-06-27,15.7,25.32,20.51,13.403,0.0,0.0,80.0
2012-06-28,17.85,29.14,23.5,18.14,15.3,0.0,80.0
2012-06-29,15.46,21.55,18.51,12.691,2.8,0.0,80.0
2012-06-30,11.36,23.69,17.52,26.096,0.2,0.0,80.0
2012-07-01,12.02,19.92,15.97,25.944,0.0,0.0,80.0
2012-07-02,8.45,23.71,16.08,27.353,0.2,0.0,80.0
2012-07-03,12.42,21.86,17.14,14.83,0.0,0.0,80.0
2012-07-04,15.2,27.33,21.27,18.626,2.4,0.0,80.0
2012-07-05,14.25,23.98,19.12,14.643,5.4,0.0,80.0
2012-07-06,13.55,22.99,18.27,20.88,0.6,0.0,80.0
2012-07-07,12.45,22.54,17.49,18.932,11.9,0.0,80.0
2012-07-08,15.15,20.13,17.64,12.371,3.9,0.0,80.0
2012-07-09,10.43,20.74,15.58,12.508,0.0,0.0,80.0
2012-07-10,11.03,20.23,15.63,11.433,2.0,0.0,80.0
2012-07-11,12.46,19.29,15.88,15.428,9.3,0.0,80.0
2012-07-12,10.98,20.0,15.49,15.849,18.3,0.0,80.0
2012-07-13,12.56,18.72,15.64,13.071,8.6,0.0,80.0
2012-07-14,12.76,20.29,16.52,17.31,8.1,0.0,80.0
2012-07-15,12.26,18.51,15.39,14.118,7.7,0.0,80.0
2012-07-16,8.13,19.46,13.8,14.98,0.0,0.0,80.0
2012-07-17,14.86,23.06,18.96,15.34,0.2,0.0,80.0
2012-07-18,12.81,24.01,18.41,20.862,0.6,0.0,80.0
2012-07-19,14.11,21.02,17.56,16.413,0.0,0.0,80.0
2012-07-20,9.23,20.76,15.0,17.425,0.2,0.0,80.0
2012-07-21,10.22,20.09,15.16,19.077,0.0,0.0,80.0
2012-07-22,8.96,23.8,16.38,27.557,0.2,0.0,80.0
2012-07-23,10.45,26.47,18.46,27.806,0.0,0.0,80.0
2012-07-24,10.76,29.32,20.04,27.589,0.0,0.0,80.0
2012-07-25,14.43,29.73,22.08,26.424,0.0,0.0,80.0
2012-07-26,13.35,29.96,21.66,25.909,0.4,0.0,80.0
2012-07-27,17.07,28.42,22.75,15.716,2.6,0.0,80.0
2012-07-28,18.14,24.15,21.14,13.111,3.8,0.0,80.0
2012-07-29,9.2,21.08,15.14,21.918,5.8,0.0,80.0
2012-07-30,9.58,20.38,14.98,20.431,0.0,0.0,80.0
2012-07-31,11.09,23.3,17.2,15.664,0.2,0.0,80.0
2012-08-01,11.45,28.98,20.21,19.507,0.0,0.0,80.0
2012-08-02,15.13,23.92,19.53,17.506,0.2,0.0,80.0
2012-08-03,12.62,23.65,18.13,20.513,11.7,0.0,80.0
2012-08-04,12.05,23.9,17.98,20.945,3.8,0.0,80.0
2012-08-05,11.13,22.37,16.75,15.553,1.6,0.0,80.0
2012-08-06,12.95,21.4,17.17,12.795,0.2,0.0,80.0
2012-08-07,11.86,20.96,16.41,14.829,0.0,0.0,80.0
2012-08-08,11.74,23.34,17.54,14.672,0.0,0.0,80.0
2012-08-09,15.74,24.66,20.2,19.801,0.0,0.0,80.0
2012-08-10,11.21,24.26,17.73,25.2,0.0,0.0,80.0
2012-08-11,11.01,24.56,17.79,25.174,0.0,0.0,80.0
2012-08-12,11.67,26.69,19.18,22.288,0.2,0.0,80.0
2012-08-13,13.03,25.27,19.15,16.019,0.0,0.0,80.0
2012-08-14,12.9,24.26,18.58,12.981,0.0,0.0,80.0
2012-08-15,16.09,29.08,22.59,15.764,0.0,0.0,80.0
2012-08-16,10.93,24.51,17.72,20.55,0.0,0.0,80.0
2012-08-17,16.11,30.14,23.13,22.693,0.0,0.0,80.0
2012-08-18,16.84,34.8,25.82,23.03,0.0,0.0,80.0
2012-08-19,18.01,33.86,25.94,20.025,0.0,0.0,80.0
2012-08-20,13.9,26.04,19.97,11.644,0.4,0.0,80.0
2012-08-21,16.47,28.05,22.26,17.241,5.7,0.0,80.0
2012-08-22,13.68,22.78,18.23,20.584,0.0,0.0,80.0
2012-08-23,7.96,24.35,16.16,21.236,4.0,0.0,80.0
2012-08-24,13.85,23.03,18.44,11.425,2.2,0.0,80.0
2012-08-25,14.66,23.2,18.93,15.362,0.6,0.0,80.0
2012-08-26,14.77,21.71,18.24,16.054,0.0,0.0,80.0
2012-08-27,10.24,25.53,17.89,20.86,0.4,0.0,80.0
2012-08-28,14.06,24.11,19.09,14.641,0.2,0.0,80.0
2012-08-29,9.8,25.7,17.75,19.201,0.0,0.0,80.0
2012-08-30,10.61,22.0,16.3,14.419,0.8,0.0,80.0
2012-08-31,10.96,18.35,14.66,14.701,0.2,0.0,80.0
2012-09-01,4.33,20.65,12.49,21.307,0.0,0.0,80.0
2012-09-02,9.09,23.12,16.11,13.556,0.2,0.0,80.0
2012-09-03,15.15,21.58,18.36,8.641,0.2,0.0,80.0
2012-09-04,11.69,25.24,18.46,18.938,0.0,0.0,80.0
2012-09-05,13.75,22.91,18.33,10.765,0.2,0.0,80.0
2012-09-06,9.02,20.84,14.93,20.094,0.0,0.0,80.0
2012-09-07,5.49,25.44,15.46,19.635,0.0,0.0,80.0
2012-09-08,6.93,28.22,17.57,19.429,0.0,0.0,80.0
2012-09-09,10.0,29.43,19.71,19.243,0.2,0.0,80.0
2012-09-10,12.03,25.87,18.95,16.744,0.2,0.0,80.0
2012-09-11,14.2,18.17,16.19,4.543,3.4,0.0,80.0
2012-09-12,10.05,18.22,14.13,11.317,4.8,0.0,80.0
2012-09-13,9.88,18.51,14.2,9.694,0.2,0.0,80.0
2012-09-14,7.5,16.85,12.18,4.579,0.0,0.0,80.0
2012-09-15,10.25,20.98,15.62,15.686,0.0,0.0,80.0
2012-09-16,7.27,22.59,14.93,16.659,0.2,0.0,80.0
2012-09-17,8.66,18.66,13.66,6.935,0.2,0.0,80.0
2012-09-18,10.67,18.1,14.39,7.781,0.2,0.0,80.0
2012-09-19,4.1,17.1,10.6,16.168,0.0,0.0,80.0
2012-09-20,3.41,17.64,10.53,13.725,0.0,0.0,80.0
2012-09-21,5.19,17.51,11.35,8.616,0.0,0.0,80.0
2012-09-22,4.26,18.09,11.18,13.121,0.2,0.0,80.0
2012-09-23,10.17,19.5,14.84,8.216,7.5,0.0,80.0
2012-09-24,14.18,19.24,16.71,6.37,0.6,0.0,80.0
2012-09-25,11.16,16.14,13.65,8.525,1.0,0.0,80.0
2012-09-26,12.15,16.24,14.2,7.518,1.5,0.0,80.0
2012-09-27,11.84,17.87,14.86,9.65,1.4,0.0,80.0
2012-09-28,6.75,17.93,12.34,11.889,0.0,0.0,80.0
2012-09-29,7.99,17.89,12.94,12.245,0.2,0.0,80.0
2012-09-30,1.06,17.36,9.21,14.712,0.2,0.0,80.0
2012-10-01,3.6,19.4,11.5,12.616,1.4,0.0,80.0
2012-10-02,12.27,17.94,15.11,8.475,1.6,0.0,80.0
2012-10-03,12.12,16.26,14.19,3.524,9.8,0.0,80.0
2012-10-04,9.89,16.07,12.98,10.079,3.7,0.0,80.0
2012-10-05,8.61,19.84,14.22,5.092,0.0,0.0,80.0
2012-10-06,11.61,15.52,13.56,1.721,21.8,0.0,80.0
2012-10-07,6.87,15.26,11.06,11.273,0.0,0.0,80.0
2012-10-08,5.45,14.31,9.88,3.249,5.2,0.0,80.0
2012-10-09,10.87,15.56,13.21,9.872,0.2,0.0,80.0
2012-10-10,9.95,15.34,12.64,11.313,0.0,0.0,80.0
2012-10-11,7.04,15.62,11.33,5.313,2.4,0.0,80.0
2012-10-12,10.29,15.02,12.65,9.711,0.2,0.0,80.0
2012-10-13,6.78,11.06,8.92,2.604,7.4,0.0,80.0
2012-10-14,2.97,8.51,5.74,3.503,3.8,0.0,80.0
2012-10-15,5.55,13.41,9.48,9.622,1.4,0.0,80.0
2012-10-16,7.78,14.44,11.11,6.77,1.8,0.0,80.0
2012-10-17,7.27,14.8,11.04,2.036,3.0,0.0,80.0
2012-10-18,13.29,20.2,16.74,3.665,2.4,0.0,80.0
2012-10-19,13.38,19.09,16.23,3.453,1.0,0.0,80.0
2012-10-20,13.53,14.73,14.13,1.534,1.0,0.0,80.0
2012-10-21,12.91,21.98,17.45,8.622,0.0,0.0,80.0
2012-10-22,14.12,23.52,18.82,8.936,0.0,0.0,80.0
2012-10-23,9.36,21.53,15.45,7.585,0.2,0.0,80.0
2012-10-24,7.68,13.38,10.53,5.228,0.2,0.0,80.0
2012-10-25,7.9,16.08,11.99,8.456,0.0,0.0,80.0
2012-10-26,5.0,9.24,7.12,2.607,0.0,0.0,80.0
2012-10-27,0.16,8.21,4.19,7.72,0.2,0.0,80.0
2012-10-28,-0.95,9.85,4.45,9.201,1.2,0.0,80.0
2012-10-29,4.17,9.37,6.77,3.522,1.6,0.0,80.0
2012-10-30,6.82,11.71,9.27,4.58,0.2,0.0,80.0
2012-10-31,3.77,11.91,7.84,7.941,0.2,0.0,80.0
2012-11-01,6.02,11.66,8.84,4.119,1.4,0.0,80.0
2012-11-02,4.0,8.74,6.37,2.424,7.0,0.0,80.0
2012-11-03,3.78,11.49,7.63,4.9,1.2,0.0,80.0
2012-11-04,3.41,12.09,7.75,4.706,1.0,0.0,80.0
2012-11-05,3.95,9.68,6.81,3.268,0.0,0.0,80.0
2012-11-06,0.8,10.02,5.41,6.42,0.0,0.0,80.0
2012-11-07,7.03,12.17,9.6,2.503,0.0,0.0,80.0
2012-11-08,8.01,10.4,9.21,2.935,0.0,0.0,80.0
2012-11-09,5.72,10.35,8.04,4.224,4.6,0.0,80.0
2012-11-10,7.51,12.86,10.18,2.315,2.6,0.0,80.0
2012-11-11,1.71,7.85,4.78,1.624,0.2,0.0,80.0
2012-11-12,1.0,8.14,4.57,2.301,1.4,0.0,80.0
2012-11-13,6.31,8.45,7.38,1.402,0.4,0.0,80.0
2012-11-14,1.29,6.67,3.98,2.573,0.0,0.0,80.0
2012-11-15,4.09,5.33,4.71,0.742,0.0,0.0,80.0
2012-11-16,2.09,4.75,3.42,2.103,0.2,0.0,80.0
2012-11-17,1.0,9.07,5.04,1.239,2.4,0.0,80.0
2012-11-18,5.73,9.25,7.49,2.207,3.6,0.0,80.0
2012-11-19,3.93,10.79,7.36,1.653,0.0,0.0,80.0
2012-11-20,6.87,12.15,9.51,4.986,0.0,0.0,80.0
2012-11-21,3.68,10.21,6.95,1.261,1.4,0.0,80.0
2012-11-22,1.89,8.3,5.1,3.598,0.0,0.0,80.0
2012-11-23,5.74,8.83,7.29,0.83,9.1,0.0,80.0
2012-11-24,7.9,13.84,10.87,1.576,0.0,0.0,80.0
2012-11-25,7.01,11.12,9.06,4.934,0.0,0.0,80.0
2012-11-26,4.42,12.68,8.55,2.228,0.0,0.0,80.0
2012-11-27,6.25,8.27,7.26,1.847,1.0,0.0,80.0
2012-11-28,4.84,7.91,6.38,1.921,0.0,0.0,80.0
2012-11-29,3.47,6.62,5.04,3.561,0.2,0.0,80.0
2012-11-30,-1.6,3.18,0.79,1.726,0.2,0.0,80.0
2012-12-01,0.25,3.24,1.75,1.349,1.6,0.0,80.0
2012-12-02,-0.56,4.73,2.08,4.848,0.2,0.0,80.0
2012-12-03,-1.97,9.87,3.95,1.132,8.7,0.0,80.0
2012-12-04,2.23,6.93,4.58,3.042,0.0,0.0,80.0
2012-12-05,-0.19,3.5,1.66,1.055,0.4,0.0,80.0
2012-12-06,-0.37,2.89,1.26,3.869,2.8,0.0,80.0
2012-12-07,0.33,2.56,1.45,1.912,4.0,0.0,80.0
2012-12-08,-1.11,1.61,0.25,2.251,0.2,0.0,80.0
2012-12-09,-2.8,6.82,2.01,0.853,1.5,0.0,80.0
2012-12-10,2.34,6.2,4.27,2.583,0.0,0.0,80.0
2012-12-11,-1.36,2.7,0.67,4.471,0.0,0.0,80.0
2012-12-12,-5.84,0.48,-2.68,5.493,0.0,0.0,80.0
2012-12-13,-4.28,3.12,-0.58,1.393,0.2,0.0,80.0
2012-12-14,1.23,10.74,5.99,0.31,8.0,0.0,80.0
2012-12-15,5.41,10.71,8.06,2.926,2.0,0.0,80.0
2012-12-16,6.5,9.89,8.2,3.31,5.0,0.0,80.0
2012-12-17,6.02,9.62,7.82,2.24,1.0,0.0,80.0
2012-12-18,1.5,7.6,4.55,1.704,0.6,0.0,80.0
2012-12-19,3.92,7.18,5.55,2.764,3.0,0.0,80.0
2012-12-20,3.91,8.45,6.18,0.469,8.3,0.0,80.0
2012-12-21,6.19,8.84,7.52,1.581,0.0,0.0,80.0
2012-12-22,3.2,13.02,8.11,0.293,18.4,0.0,80.0
2012-12-23,10.15,13.74,11.95,0.578,0.4,0.0,80.0
2012-12-24,9.59,12.0,10.79,1.694,3.6,0.0,80.0
2012-12-25,8.53,11.5,10.02,2.804,4.8,0.0,80.0
2012-12-26,6.51,10.2,8.36,1.82,5.2,0.0,80.0
2012-12-27,7.5,10.28,8.89,1.655,4.4,0.0,80.0
2012-12-28,5.72,11.08,8.4,0.691,2.0,0.0,80.0
2012-12-29,8.39,12.91,10.65,3.018,0.6,0.0,80.0
2012-12-30,6.1,8.98,7.54,2.547,0.0,0.0,80.0
2012-12-31,6.98,10.25,8.62,0.898,8.7,0.0,80.0
2013-01-01,4.01,8.87,6.44,3.599,1.0,0.0,80.0
2013-01-02,0.87,8.41,4.64,2.53,0.0,0.0,80.0
2013-01-03,6.66,10.55,8.61,0.757,0.0,0.0,80.0
2013-01-04,8.51,9.42,8.96,0.625,0.0,0.0,80.0
2013-01-05,7.57,8.85,8.21,0.349,0.0,0.0,80.0
2013-01-06,7.86,9.1,8.48,1.22,0.0,0.0,80.0
2013-01-07,5.85,7.43,6.64,1.008,0.0,0.0,80.0
2013-01-08,4.72,5.39,5.05,0.577,0.0,0.0,80.0
2013-01-09,3.94,5.45,4.7,0.622,3.5,0.0,80.0
2013-01-10,4.57,7.58,6.08,1.346,0.2,0.0,80.0
2013-01-11,1.79,5.51,3.65,1.692,0.2,0.0,80.0
2013-01-12,1.41,4.15,2.78,0.789,3.0,0.0,80.0
2013-01-13,-1.29,2.52,0.61,1.112,0.0,0.0,80.0
2013-01-14,-4.46,0.7,-1.88,4.78,6.0,0.0,80.0
2013-01-15,-5.26,1.08,-2.09,3.183,0.0,0.0,80.0
2013-01-16,-14.17,-4.27,-9.22,5.814,0.0,0.0,80.0
2013-01-17,-14.64,-5.22,-9.93,3.824,0.0,0.0,80.0
2013-01-18,-11.53,-1.58,-6.55,2.351,3.0,0.0,80.0
2013-01-19,-3.84,-0.64,-2.24,3.904,0.0,0.0,80.0
2013-01-20,-4.69,-0.29,-2.49,3.3,3.0,0.0,80.0
2013-01-21,-4.56,1.17,-1.69,3.452,0.0,0.0,80.0
2013-01-22,-6.13,0.09,-3.02,3.838,0.0,0.0,80.0
2013-01-23,-2.87,1.01,-0.93,3.146,0.4,0.0,80.0
2013-01-24,-4.15,0.16,-2.0,5.287,0.0,0.0,80.0
2013-01-25,-6.27,-2.08,-4.17,3.152,0.0,0.0,80.0
2013-01-26,-4.85,3.86,-0.49,2.819,3.0,0.0,80.0
2013-01-27,-2.59,6.01,1.71,2.927,4.0,0.0,80.0
2013-01-28,0.7,10.3,5.5,6.02,1.4,0.0,80.0
2013-01-29,6.69,13.15,9.92,0.999,1.8,0.0,80.0
2013-01-30,8.46,13.59,11.03,3.405,3.8,0.0,80.0
2013-01-31,4.02,11.05,7.54,2.629,3.6,0.0,80.0
2013-02-01,5.51,8.84,7.17,1.058,7.7,0.0,80.0
2013-02-02,1.49,6.32,3.91,5.753,0.8,0.0,80.0
2013-02-03,0.33,8.33,4.33,3.767,0.0,0.0,80.0
2013-02-04,4.77,11.29,8.03,2.163,2.8,0.0,80.0
2013-02-05,1.04,5.69,3.37,2.723,4.8,0.0,80.0
2013-02-06,0.95,5.75,3.35,7.18,6.4,0.0,80.0
2013-02-07,0.76,5.15,2.96,4.332,0.2,0.0,80.0
2013-02-08,-1.11,4.41,1.65,5.431,0.6,0.0,80.0
2013-02-09,-3.37,4.51,0.57,5.52,0.0,0.0,80.0
2013-02-10,-2.73,2.23,-0.25,5.428,1.6,0.0,80.0
2013-02-11,-0.99,1.05,0.03,1.926,0.0,0.0,80.0
2013-02-12,-0.91,1.2,0.14,8.664,0.0,0.0,80.0
2013-02-13,-1.65,1.4,-0.13,8.224,0.0,0.0,80.0
2013-02-14,-2.38,1.47,-0.45,1.138,5.8,0.0,80.0
2013-02-15,0.68,9.21,4.95,6.848,0.4,0.0,80.0
2013-02-16,0.58,5.64,3.11,2.058,0.0,0.0,80.0
2013-02-17,1.23,4.32,2.78,3.198,0.0,0.0,80.0
2013-02-18,-1.54,6.91,2.69,11.294,0.0,0.0,80.0
2013-02-19,-2.1,7.6,2.75,10.265,0.0,0.0,80.0
2013-02-20,1.18,5.12,3.15,6.766,0.0,0.0,80.0
2013-02-21,-2.86,1.7,-0.58,8.392,0.0,0.0,80.0
2013-02-22,-3.24,-0.28,-1.76,5.988,0.0,0.0,80.0
2013-02-23,-4.55,-0.78,-2.67,3.534,0.4,0.0,80.0
2013-02-24,-1.91,0.84,-0.53,4.184,3.0,0.0,80.0
2013-02-25,-0.01,1.69,0.84,3.756,6.0,0.0,80.0
2013-02-26,0.52,4.04,2.28,7.884,0.0,0.0,80.0
2013-02-27,0.98,2.15,1.56,1.979,0.0,0.0,80.0
2013-02-28,0.44,2.1,1.27,1.491,0.0,0.0,80.0
2013-03-01,1.19,4.06,2.63,2.379,0.0,0.0,80.0
2013-03-02,1.46,2.7,2.08,3.181,0.0,0.0,80.0
2013-03-03,-0.23,6.48,3.13,10.68,0.0,0.0,80.0
2013-03-04,-1.48,11.55,5.04,13.597,0.0,0.0,80.0
2013-03-05,2.0,16.27,9.13,11.864,0.0,0.0,80.0
2013-03-06,5.42,15.66,10.54,7.898,1.6,0.0,80.0
2013-03-07,7.81,11.4,9.61,3.048,1.4,0.0,80.0
2013-03-08,7.81,12.08,9.95,3.958,5.4,0.0,80.0
2013-03-09,8.25,14.46,11.36,10.061,0.0,0.0,80.0
2013-03-10,2.39,4.69,3.54,3.125,0.0,0.0,80.0
2013-03-11,-1.86,-0.28,-1.07,4.521,12.0,0.0,80.0
2013-03-12,-3.91,-2.39,-3.15,8.168,2.0,0.0,80.0
2013-03-13,-11.43,1.8,-4.81,11.039,0.2,0.0,80.0
2013-03-14,-6.17,2.63,-1.77,14.28,1.0,0.0,80.0
2013-03-15,-9.05,3.88,-2.59,11.744,0.0,0.0,80.0
2013-03-16,1.73,5.62,3.67,8.858,0.4,0.0,80.0
2013-03-17,1.85,9.78,5.81,8.661,4.8,0.0,80.0
2013-03-18,0.62,10.02,5.32,10.759,3.4,0.0,80.0
2013-03-19,2.64,9.39,6.02,9.335,1.6,0.0,80.0
2013-03-20,3.55,6.37,4.96,5.768,0.0,0.0,80.0
2013-03-21,0.97,6.82,3.9,11.575,0.0,0.0,80.0
2013-03-22,1.45,10.3,5.88,11.665,0.6,0.0,80.0
2013-03-23,2.96,7.0,4.98,8.522,0.8,0.0,80.0
2013-03-24,1.99,3.59,2.79,4.246,0.0,0.0,80.0
2013-03-25,0.23,5.06,2.65,14.303,0.0,0.0,80.0
2013-03-26,-0.07,5.58,2.75,12.412,0.0,0.0,80.0
2013-03-27,0.23,5.78,3.01,9.37,0.0,0.0,80.0
2013-03-28,1.46,6.31,3.88,7.515,0.0,0.0,80.0
2013-03-29,-1.31,4.05,1.37,11.677,0.0,0.0,80.0
2013-03-30,-1.78,5.06,1.64,14.781,0.0,0.0,80.0
2013-03-31,-2.27,3.76,0.74,9.702,0.0,0.0,80.0
2013-04-01,-2.14,8.49,3.17,20.118,0.0,0.0,80.0
2013-04-02,-1.1,8.47,3.69,21.197,0.0,0.0,80.0
2013-04-03,-1.8,7.22,2.71,13.033,0.2,0.0,80.0
2013-04-04,-0.56,9.69,4.56,16.258,0.0,0.0,80.0
2013-04-05,1.92,6.32,4.12,10.499,0.0,0.0,80.0
2013-04-06,1.65,6.97,4.31,9.514,0.0,0.0,80.0
2013-04-07,-3.18,11.29,4.05,21.338,0.0,0.0,80.0
2013-04-08,2.34,10.3,6.32,11.791,0.4,0.0,80.0
2013-04-09,2.52,14.22,8.37,9.11,4.8,0.0,80.0
2013-04-10,6.13,12.04,9.08,5.515,4.0,0.0,80.0
2013-04-11,8.99,15.26,12.13,11.519,2.4,0.0,80.0
2013-04-12,7.24,14.37,10.8,12.823,3.6,0.0,80.0
2013-04-13,5.94,14.32,10.13,13.088,1.8,0.0,80.0
2013-04-14,11.17,23.3,17.23,20.17,0.0,0.0,80.0
2013-04-15,9.33,17.94,13.64,11.987,0.6,0.0,80.0
2013-04-16,8.62,18.01,13.32,12.831,0.0,0.0,80.0
2013-04-17,11.06,22.39,16.73,18.774,0.0,0.0,80.0
2013-04-18,10.06,16.7,13.38,21.306,0.0,0.0,80.0
2013-04-19,4.22,11.48,7.85,10.384,1.4,0.0,80.0
2013-04-20,3.33,12.66,8.0,25.503,0.0,0.0,80.0
2013-04-21,2.67,15.35,9.01,23.076,0.0,0.0,80.0
2013-04-22,-1.54,14.88,6.67,22.565,0.0,0.0,80.0
2013-04-23,5.62,16.91,11.27,12.136,0.4,0.0,80.0
2013-04-24,3.64,21.82,12.73,24.703,0.0,0.0,80.0
2013-04-25,6.97,25.13,16.05,24.515,0.0,0.0,80.0
2013-04-26,6.16,15.5,10.83,6.845,1.2,0.0,80.0
2013-04-27,3.67,11.04,7.35,14.828,0.0,0.0,80.0
2013-04-28,3.53,12.51,8.02,17.969,0.0,0.0,80.0
2013-04-29,1.44,14.69,8.06,20.269,0.0,0.0,80.0
2013-04-30,3.22,15.03,9.13,17.028,0.0,0.0,80.0
2013-05-01,7.7,18.09,12.89,13.365,7.3,0.0,80.0
2013-05-02,8.02,16.33,12.17,14.745,0.0,0.0,80.0
2013-05-03,6.63,17.99,12.31,17.171,0.0,0.0,80.0
2013-05-04,2.86,14.47,8.67,15.099,0.0,0.0,80.0
2013-05-05,3.94,18.92,11.43,27.09,0.0,0.0,80.0
2013-05-06,6.17,17.94,12.05,13.534,0.8,0.0,80.0
2013-05-07,11.63,21.57,16.6,21.937,0.0,0.0,80.0
2013-05-08,8.32,20.11,14.21,12.868,4.0,0.0,80.0
2013-05-09,8.32,16.39,12.36,21.302,0.0,0.0,80.0
2013-05-10,8.16,13.79,10.97,9.13,0.0,0.0,80.0
2013-05-11,8.14,15.61,11.88,17.004,5.3,0.0,80.0
2013-05-12,5.86,14.9,10.38,21.842,1.8,0.0,80.0
2013-05-13,9.16,15.24,12.2,11.129,0.2,0.0,80.0
2013-05-14,7.73,12.45,10.09,12.161,2.8,0.0,80.0
2013-05-15,7.85,15.81,11.83,21.263,1.0,0.0,80.0
2013-05-16,8.16,13.69,10.93,12.207,0.2,0.0,80.0
2013-05-17,7.33,11.47,9.4,6.838,0.0,0.0,80.0
2013-05-18,8.1,15.34,11.72,18.42,0.8,0.0,80.0
2013-05-19,10.08,12.03,11.05,4.117,24.0,0.0,80.0
2013-05-20,8.54,12.75,10.64,4.738,10.4,0.0,80.0
2013-05-21,9.22,10.8,10.01,3.272,1.4,0.0,80.0
2013-05-22,7.74,14.59,11.16,13.317,0.2,0.0,80.0
2013-05-23,4.27,10.09,7.18,15.483,4.6,0.0,80.0
2013-05-24,0.04,8.41,4.22,11.041,7.2,0.0,80.0
2013-05-25,3.69,14.66,9.18,26.645,0.8,0.0,80.0
2013-05-26,5.84,15.8,10.82,15.758,0.0,0.0,80.0
2013-05-27,2.83,18.31,10.57,27.009,0.0,0.0,80.0
2013-05-28,7.44,15.97,11.71,10.723,3.2,0.0,80.0
2013-05-29,4.51,15.0,9.75,17.911,1.6,0.0,80.0
2013-05-30,8.64,16.2,12.42,10.798,0.8,0.0,80.0
2013-05-31,9.94,17.72,13.83,16.34,0.0,0.0,80.0
2013-06-01,7.33,18.88,13.11,25.97,0.0,0.0,80.0
2013-06-02,6.2,18.09,12.14,25.742,0.0,0.0,80.0
2013-06-03,7.87,15.46,11.67,21.197,0.0,0.0,80.0
2013-06-04,6.63,18.15,12.39,29.631,0.2,0.0,80.0
2013-06-05,8.89,23.31,16.1,28.348,0.0,0.0,80.0
2013-06-06,10.87,26.81,18.84,28.029,0.0,0.0,80.0
2013-06-07,14.17,26.49,20.33,27.481,0.0,0.0,80.0
2013-06-08,12.41,23.91,18.16,27.968,0.2,0.0,80.0
2013-06-09,10.68,14.86,12.77,4.823,5.9,0.0,80.0
2013-06-10,10.25,17.46,13.86,18.67,0.0,0.0,80.0
2013-06-11,8.23,21.27,14.75,20.155,0.0,0.0,80.0
2013-06-12,13.63,22.75,18.19,15.711,0.6,0.0,80.0
2013-06-13,13.23,18.84,16.04,8.199,4.2,0.0,80.0
2013-06-14,5.83,19.57,12.7,25.065,0.0,0.0,80.0
2013-06-15,9.16,19.48,14.32,22.902,0.0,0.0,80.0
2013-06-16,9.07,21.05,15.06,19.533,0.0,0.0,80.0
2013-06-17,12.42,26.27,19.34,14.023,6.0,0.0,80.0
2013-06-18,15.35,27.95,21.65,20.548,0.4,0.0,80.0
2013-06-19,17.19,26.38,21.79,15.116,16.8,0.0,80.0
2013-06-20,17.25,24.87,21.06,15.359,16.9,0.0,80.0
2013-06-21,14.85,18.84,16.84,11.39,5.1,0.0,80.0
2013-06-22,14.45,17.34,15.89,10.05,5.4,0.0,80.0
2013-06-23,12.36,18.1,15.23,11.824,2.0,0.0,80.0
2013-06-24,11.17,16.62,13.89,11.715,0.0,0.0,80.0
2013-06-25,10.04,18.71,14.38,21.045,0.2,0.0,80.0
2013-06-26,5.55,19.58,12.56,21.188,3.8,0.0,80.0
2013-06-27,11.0,18.58,14.79,19.745,1.6,0.0,80.0
2013-06-28,11.47,17.12,14.3,7.334,6.2,0.0,80.0
2013-06-29,14.24,19.54,16.89,20.453,0.0,0.0,80.0
2013-06-30,8.31,23.26,15.79,23.167,0.2,0.0,80.0
2013-07-01,11.85,20.57,16.21,15.594,0.2,0.0,80.0
2013-07-02,8.18,23.89,16.04,21.357,3.8,0.0,80.0
2013-07-03,14.73,19.98,17.36,11.988,2.6,0.0,80.0
2013-07-04,10.91,18.95,14.93,10.982,0.0,0.0,80.0
2013-07-05,14.44,20.06,17.25,12.984,0.2,0.0,80.0
2013-07-06,12.54,27.34,19.94,27.872,0.0,0.0,80.0
2013-07-07,15.55,28.07,21.81,28.835,0.0,0.0,80.0
2013-07-08,15.02,27.65,21.34,30.056,0.0,0.0,80.0
2013-07-09,16.24,26.76,21.5,29.203,0.0,0.0,80.0
2013-07-10,13.76,24.57,19.16,29.15,0.0,0.0,80.0
2013-07-11,10.72,20.94,15.83,25.9,0.2,0.0,80.0
2013-07-12,9.85,21.02,15.43,27.907,0.0,0.0,80.0
2013-07-13,11.45,22.71,17.08,23.372,0.2,0.0,80.0
2013-07-14,10.93,26.82,18.88,27.79,0.0,0.0,80.0
2013-07-15,12.84,27.17,20.01,26.2,0.0,0.0,80.0
2013-07-16,13.33,27.55,20.44,26.42,0.0,0.0,80.0
2013-07-17,16.76,28.06,22.41,19.062,0.0,0.0,80.0
2013-07-18,16.85,29.01,22.93,27.48,0.0,0.0,80.0
2013-07-19,16.86,28.05,22.45,29.264,0.0,0.0,80.0
2013-07-20,16.25,26.65,21.45,28.941,0.0,0.0,80.0
2013-07-21,14.93,32.25,23.59,27.966,0.0,0.0,80.0
2013-07-22,17.81,32.66,25.23,22.065,0.0,0.0,80.0
2013-07-23,16.52,32.3,24.41,19.592,3.6,0.0,80.0
2013-07-24,16.78,27.05,21.91,22.407,0.4,0.0,80.0
2013-07-25,16.01,29.0,22.51,22.332,10.2,0.0,80.0
2013-07-26,19.13,28.69,23.91,20.365,13.2,0.0,80.0
2013-07-27,17.78,28.9,23.34,17.94,19.3,0.0,80.0
2013-07-28,16.14,24.94,20.54,22.739,0.0,0.0,80.0
2013-07-29,14.93,24.93,19.93,18.515,8.3,0.0,80.0
2013-07-30,13.86,20.6,17.23,11.465,7.6,0.0,80.0
2013-07-31,16.77,26.03,21.4,16.937,0.2,0.0,80.0
2013-08-01,15.88,32.47,24.18,27.758,0.0,0.0,80.0
2013-08-02,17.65,33.34,25.5,25.478,0.6,0.0,80.0
2013-08-03,16.23,25.41,20.82,24.477,0.0,0.0,80.0
2013-08-04,11.87,26.52,19.2,24.579,0.0,0.0,80.0
2013-08-05,11.86,29.37,20.62,22.832,0.0,0.0,80.0
2013-08-06,12.87,24.97,18.92,17.224,0.6,0.0,80.0
2013-08-07,16.23,18.41,17.32,4.87,19.2,0.0,80.0
2013-08-08,11.08,22.26,16.67,20.492,0.0,0.0,80.0
2013-08-09,10.72,25.3,18.01,17.653,0.2,0.0,80.0
2013-08-10,10.22,21.97,16.09,18.594,0.0,0.0,80.0
2013-08-11,8.41,22.88,15.64,18.846,0.8,0.0,80.0
2013-08-12,13.24,20.8,17.02,15.716,0.2,0.0,80.0
2013-08-13,8.1,21.05,14.57,21.313,0.0,0.0,80.0
2013-08-14,11.24,24.1,17.67,20.752,0.0,0.0,80.0
2013-08-15,11.14,25.35,18.25,17.742,0.0,0.0,80.0
2013-08-16,12.46,28.47,20.46,22.105,0.4,0.0,80.0
2013-08-17,15.19,25.86,20.52,16.556,0.4,0.0,80.0
2013-08-18,17.75,22.79,20.27,10.219,4.8,0.0,80.0
2013-08-19,13.52,22.38,17.95,19.169,0.2,0.0,80.0
2013-08-20,7.63,24.29,15.96,22.706,0.0,0.0,80.0
2013-08-21,9.63,25.54,17.59,22.27,0.0,0.0,80.0
2013-08-22,12.89,25.19,19.04,15.896,0.0,0.0,80.0
2013-08-23,14.88,28.39,21.64,21.543,0.4,0.0,80.0
2013-08-24,16.95,18.99,17.97,4.931,14.7,0.0,80.0
2013-08-25,13.45,16.89,15.17,4.94,4.3,0.0,80.0
2013-08-26,12.63,23.29,17.96,13.185,0.2,0.0,80.0
2013-08-27,13.97,23.36,18.66,12.849,0.0,0.0,80.0
2013-08-28,13.6,23.3,18.45,18.244,0.2,0.0,80.0
2013-08-29,12.14,24.58,18.36,17.551,0.2,0.0,80.0
2013-08-30,8.5,22.98,15.74,18.472,0.0,0.0,80.0
2013-08-31,13.02,22.97,17.99,10.568,0.2,0.0,80.0
2013-09-01,6.63,19.97,13.3,17.419,0.0,0.0,80.0
2013-09-02,8.64,22.87,15.76,20.23,0.2,0.0,80.0
2013-09-03,7.8,25.8,16.8,20.111,0.0,0.0,80.0
2013-09-04,13.44,29.39,21.41,20.492,0.0,0.0,80.0
2013-09-05,14.63,31.44,23.04,20.203,0.0,0.0,80.0
2013-09-06,13.08,22.67,17.88,14.302,0.8,0.0,80.0
2013-09-07,12.22,20.54,16.38,15.755,0.0,0.0,80.0
2013-09-08,10.79,21.52,16.16,16.399,1.4,0.0,80.0
2013-09-09,6.33,15.66,11.0,6.731,32.6,0.0,80.0
2013-09-10,7.32,17.2,12.26,13.509,2.0,0.0,80.0
2013-09-11,11.57,16.62,14.1,6.645,0.4,0.0,80.0
2013-09-12,9.72,19.14,14.43,12.934,0.0,0.0,80.0
2013-09-13,10.32,16.98,13.65,4.28,5.4,0.0,80.0
2013-09-14,13.52,16.02,14.77,5.032,1.4,0.0,80.0
2013-09-15,9.14,17.56,13.35,13.257,2.2,0.0,80.0
2013-09-16,11.03,15.02,13.02,11.174,3.6,0.0,80.0
2013-09-17,6.77,15.99,11.38,6.097,14.9,0.0,80.0
2013-09-18,12.15,17.08,14.61,8.581,6.7,0.0,80.0
2013-09-19,7.19,16.48,11.84,11.572,0.2,0.0,80.0
2013-09-20,12.19,18.95,15.57,14.668,0.2,0.0,80.0
2013-09-21,7.59,18.44,13.02,10.809,0.0,0.0,80.0
2013-09-22,13.49,22.48,17.98,10.775,0.2,0.0,80.0
2013-09-23,10.2,22.08,16.14,16.49,0.4,0.0,80.0
2013-09-24,10.05,22.56,16.3,16.563,0.2,0.0,80.0
2013-09-25,8.38,22.06,15.22,11.127,1.8,0.0,80.0
2013-09-26,13.31,20.41,16.86,9.383,0.2,0.0,80.0
2013-09-27,9.81,20.16,14.98,13.025,0.0,0.0,80.0
2013-09-28,12.09,21.47,16.78,10.364,0.0,0.0,80.0
2013-09-29,13.81,21.78,17.8,10.485,0.0,0.0,80.0
2013-09-30,9.77,19.25,14.51,14.571,0.0,0.0,80.0
2013-10-01,11.15,17.63,14.39,9.501,0.0,0.0,80.0
2013-10-02,10.07,20.77,15.42,11.835,0.0,0.0,80.0
2013-10-03,10.3,20.56,15.43,9.909,4.0,0.0,80.0
2013-10-04,16.02,20.85,18.44,8.826,0.2,0.0,80.0
2013-10-05,13.33,18.77,16.05,4.895,0.0,0.0,80.0
2013-10-06,9.74,19.84,14.79,8.106,0.0,0.0,80.0
2013-10-07,10.58,20.52,15.55,11.355,0.2,0.0,80.0
2013-10-08,9.09,19.73,14.41,11.222,1.0,0.0,80.0
2013-10-09,10.7,17.03,13.87,5.291,3.6,0.0,80.0
2013-10-10,5.45,9.71,7.58,3.544,48.8,0.0,80.0
2013-10-11,6.82,10.39,8.61,6.359,0.4,0.0,80.0
2013-10-12,5.73,11.74,8.73,6.627,0.0,0.0,80.0
2013-10-13,5.04,10.94,7.99,5.246,6.2,0.0,80.0
2013-10-14,9.3,14.06,11.68,3.136,12.9,0.0,80.0
2013-10-15,9.02,14.54,11.78,9.915,0.2,0.0,80.0
2013-10-16,3.56,11.85,7.71,3.104,6.9,0.0,80.0
2013-10-17,7.93,17.14,12.54,5.566,3.7,0.0,80.0
2013-10-18,6.94,13.54,10.24,3.311,0.2,0.0,80.0
2013-10-19,8.19,18.32,13.25,5.028,0.2,0.0,80.0
2013-10-20,12.2,17.64,14.92,4.919,2.6,0.0,80.0
2013-10-21,12.88,20.02,16.45,6.865,0.0,0.0,80.0
2013-10-22,13.99,21.69,17.84,6.999,1.2,0.0,80.0
2013-10-23,13.17,19.37,16.27,6.985,7.7,0.0,80.0
2013-10-24,10.26,16.77,13.52,4.473,1.0,0.0,80.0
2013-10-25,12.22,18.28,15.25,3.046,2.6,0.0,80.0
2013-10-26,13.89,20.29,17.09,7.364,0.2,0.0,80.0
2013-10-27,13.75,16.36,15.05,5.712,4.6,0.0,80.0
2013-10-28,10.56,16.59,13.57,4.927,2.0,0.0,80.0
2013-10-29,8.57,13.58,11.07,8.143,0.0,0.0,80.0
2013-10-30,3.62,13.9,8.76,9.275,0.2,0.0,80.0
2013-10-31,3.71,13.2,8.46,7.839,0.4,0.0,80.0
2013-11-01,8.73,13.01,10.87,1.579,14.9,0.0,80.0
2013-11-02,8.6,15.18,11.89,3.347,1.8,0.0,80.0
2013-11-03,7.05,12.7,9.88,6.392,3.6,0.0,80.0
2013-11-04,5.33,13.1,9.21,2.957,0.2,0.0,80.0
2013-11-05,1.32,10.71,6.02,1.136,10.1,0.0,80.0
2013-11-06,8.71,15.07,11.89,1.473,1.4,0.0,80.0
2013-11-07,11.9,15.59,13.75,2.0,23.8,0.0,80.0
2013-11-08,8.34,13.12,10.73,2.196,5.8,0.0,80.0
2013-11-09,5.25,10.06,7.66,4.614,5.4,0.0,80.0
2013-11-10,5.88,9.08,7.48,5.381,2.6,0.0,80.0
2013-11-11,-0.74,10.27,4.76,6.397,0.0,0.0,80.0
2013-11-12,5.91,9.19,7.55,1.268,3.2,0.0,80.0
2013-11-13,3.53,11.1,7.31,6.602,0.2,0.0,80.0
2013-11-14,-1.44,10.32,4.44,3.226,4.0,0.0,80.0
2013-11-15,5.33,8.92,7.13,3.216,0.2,0.0,80.0
2013-11-16,0.51,5.58,3.04,3.051,0.0,0.0,80.0
2013-11-17,2.72,6.23,4.48,3.448,0.0,0.0,80.0
2013-11-18,3.43,4.9,4.17,0.708,1.0,0.0,80.0
2013-11-19,2.22,7.49,4.86,3.248,0.6,0.0,80.0
2013-11-20,-0.09,5.01,2.46,3.577,8.3,0.0,80.0
2013-11-21,-1.15,3.73,1.29,1.921,0.0,0.0,80.0
2013-11-22,0.75,5.12,2.94,2.233,0.0,0.0,80.0
2013-11-23,3.46,6.19,4.83,2.202,0.0,0.0,80.0
2013-11-24,0.93,9.13,5.03,2.334,0.0,0.0,80.0
2013-11-25,4.37,7.33,5.85,3.253,0.2,0.0,80.0
2013-11-26,2.73,7.12,4.92,2.578,0.0,0.0,80.0
2013-11-27,3.69,8.7,6.19,3.675,0.0,0.0,80.0
2013-11-28,1.14,7.76,4.45,0.795,0.6,0.0,80.0
2013-11-29,6.53,8.57,7.55,0.94,0.2,0.0,80.0
2013-11-30,2.21,9.83,6.02,3.676,0.6,0.0,80.0
2013-12-01,2.52,9.28,5.9,3.802,0.2,0.0,80.0
2013-12-02,3.03,8.75,5.89,3.701,0.0,0.0,80.0
2013-12-03,-2.08,6.14,2.03,5.153,0.0,0.0,80.0
2013-12-04,-0.65,7.3,3.32,1.751,0.2,0.0,80.0
2013-12-05,-2.39,7.95,2.78,4.996,2.7,0.0,80.0
2013-12-06,1.29,6.72,4.0,4.168,0.0,0.0,80.0
2013-12-07,3.74,7.33,5.54,1.15,0.6,0.0,80.0
2013-12-08,4.52,9.25,6.88,2.395,0.4,0.0,80.0
2013-12-09,0.62,8.06,4.34,4.576,0.0,0.0,80.0
2013-12-10,-1.55,6.33,2.39,5.449,0.0,0.0,80.0
2013-12-11,-0.78,5.71,2.46,5.182,0.0,0.0,80.0
2013-12-12,-1.61,0.43,-0.59,2.701,0.0,0.0,80.0
2013-12-13,-1.62,5.11,1.75,3.29,3.4,0.0,80.0
2013-12-14,0.59,8.52,4.55,4.263,0.0,0.0,80.0
2013-12-15,5.26,9.97,7.62,2.363,0.0,0.0,80.0
2013-12-16,2.74,11.34,7.04,4.969,0.0,0.0,80.0
2013-12-17,2.05,8.68,5.37,3.597,0.0,0.0,80.0
2013-12-18,4.65,10.12,7.38,3.52,5.6,0.0,80.0
2013-12-19,4.03,9.38,6.71,2.237,0.4,0.0,80.0
2013-12-20,0.71,8.19,4.45,4.689,0.0,0.0,80.0
2013-12-21,3.35,7.74,5.54,1.855,0.8,0.0,80.0
2013-12-22,4.74,10.41,7.58,0.816,3.5,0.0,80.0
2013-12-23,4.61,11.5,8.05,1.61,2.4,0.0,80.0
2013-12-24,8.14,10.94,9.54,0.387,17.3,0.0,80.0
2013-12-25,5.77,9.16,7.46,3.424,0.0,0.0,80.0
2013-12-26,3.05,8.72,5.88,4.206,0.4,0.0,80.0
2013-12-27,3.43,11.97,7.7,1.024,29.1,0.0,80.0
2013-12-28,4.92,8.37,6.64,2.456,0.2,0.0,80.0
2013-12-29,4.2,8.09,6.14,4.692,0.2,0.0,80.0
2013-12-30,0.98,6.62,3.8,1.609,1.4,0.0,80.0
2013-12-31,5.42,7.5,6.46,1.376,2.2,0.0,80.0
2014-01-01,4.5,10.63,7.57,1.264,2.0,0.0,80.0
2014-01-02,5.55,10.58,8.06,4.072,0.8,0.0,80.0
2014-01-03,6.06,13.16,9.61,3.432,0.6,0.0,80.0
2014-01-04,6.26,11.23,8.75,3.2,1.8,0.0,80.0
2014-01-05,1.75,11.77,6.76,3.207,0.0,0.0,80.0
2014-01-06,6.93,12.97,9.95,1.761,0.0,0.0,80.0
2014-01-07,8.62,13.28,10.95,3.047,0.8,0.0,80.0
2014-01-08,4.9,11.28,8.09,3.799,0.8,0.0,80.0
2014-01-09,7.33,11.46,9.39,0.909,0.6,0.0,80.0
2014-01-10,1.9,5.29,3.59,1.203,0.0,0.0,80.0
2014-01-11,3.62,9.6,6.61,4.035,0.0,0.0,80.0
2014-01-12,-1.79,7.86,3.04,1.527,0.2,0.0,80.0
2014-01-13,4.05,9.37,6.71,3.898,2.0,0.0,80.0
2014-01-14,3.53,7.57,5.55,3.266,4.8,0.0,80.0
2014-01-15,1.02,8.73,4.88,0.92,2.0,0.0,80.0
2014-01-16,7.02,9.67,8.34,2.112,6.0,0.0,80.0
2014-01-17,6.57,9.84,8.21,3.014,0.8,0.0,80.0
2014-01-18,2.88,9.02,5.95,4.97,0.0,0.0,80.0
2014-01-19,5.16,8.99,7.08,1.756,0.0,0.0,80.0
2014-01-20,3.45,7.3,5.38,1.902,0.2,0.0,80.0
2014-01-21,1.72,4.29,3.0,1.386,0.0,0.0,80.0
2014-01-22,1.15,6.64,3.89,4.362,2.6,0.0,80.0
2014-01-23,2.89,8.31,5.6,2.613,5.6,0.0,80.0
2014-01-24,-0.55,7.13,3.29,6.869,0.4,0.0,80.0
2014-01-25,0.48,8.48,4.48,2.591,1.4,0.0,80.0
2014-01-26,1.3,8.97,5.14,1.425,10.1,0.0,80.0
2014-01-27,1.68,6.0,3.84,2.205,5.0,0.0,80.0
2014-01-28,2.02,5.6,3.81,1.099,2.0,0.0,80.0
2014-01-29,2.44,4.45,3.45,2.553,1.6,0.0,80.0
2014-01-30,3.33,6.25,4.79,2.261,0.2,0.0,80.0
2014-01-31,-0.47,7.82,3.68,5.566,11.5,0.0,80.0
2014-02-01,4.57,8.17,6.37,3.166,1.8,0.0,80.0
2014-02-02,1.43,8.82,5.13,8.065,0.0,0.0,80.0
2014-02-03,-0.19,7.12,3.46,8.028,0.0,0.0,80.0
2014-02-04,1.5,8.38,4.94,6.149,1.6,0.0,80.0
2014-02-05,4.15,10.1,7.13,4.477,0.0,0.0,80.0
2014-02-06,4.9,12.64,8.77,1.95,4.0,0.0,80.0
2014-02-07,4.88,10.21,7.54,4.815,5.8,0.0,80.0
2014-02-08,4.11,9.17,6.64,2.645,2.2,0.0,80.0
2014-02-09,4.45,8.67,6.56,6.183,0.0,0.0,80.0
2014-02-10,3.17,7.05,5.11,4.277,0.0,0.0,80.0
2014-02-11,2.63,7.87,5.25,4.813,2.4,0.0,80.0
2014-02-12,1.34,8.74,5.04,7.23,4.0,0.0,80.0
2014-02-13,4.2,7.68,5.94,3.012,4.6,0.0,80.0
2014-02-14,2.04,13.3,7.67,1.253,2.0,0.0,80.0
2014-02-15,8.49,10.82,9.66,6.04,0.0,0.0,80.0
2014-02-16,5.36,11.22,8.29,8.174,0.2,0.0,80.0
2014-02-17,2.89,10.04,6.46,7.025,0.0,0.0,80.0
2014-02-18,2.7,7.88,5.29,3.04,0.8,0.0,80.0
2014-02-19,3.02,9.51,6.26,3.064,1.4,0.0,80.0
2014-02-20,5.53,10.76,8.14,1.606,3.2,0.0,80.0
2014-02-21,5.38,9.9,7.64,8.788,2.0,0.0,80.0
2014-02-22,3.41,9.9,6.66,6.366,0.6,0.0,80.0
2014-02-23,2.13,13.1,7.62,9.349,0.0,0.0,80.0
2014-02-24,3.16,13.47,8.32,10.591,0.0,0.0,80.0
2014-02-25,7.25,12.67,9.96,4.268,1.2,0.0,80.0
2014-02-26,2.05,10.02,6.04,9.731,0.0,0.0,80.0
2014-02-27,1.28,8.72,5.0,2.785,5.0,0.0,80.0
2014-02-28,2.64,6.23,4.44,2.169,6.0,0.0,80.0
2014-03-01,0.42,7.41,3.92,2.347,3.4,0.0,80.0
2014-03-02,-1.92,10.08,4.08,11.26,4.6,0.0,80.0
2014-03-03,4.66,9.41,7.04,8.318,8.4,0.0,80.0
2014-03-04,0.22,10.67,5.45,8.075,0.0,0.0,80.0
2014-03-05,-1.04,12.3,5.63,12.859,0.2,0.0,80.0
2014-03-06,-0.49,13.68,6.59,14.125,0.0,0.0,80.0
2014-03-07,1.07,13.07,7.07,10.531,0.2,0.0,80.0
2014-03-08,1.06,16.89,8.97,14.974,0.0,0.0,80.0
2014-03-09,3.69,18.91,11.3,15.597,0.0,0.0,80.0
2014-03-10,2.68,18.55,10.62,15.3,0.0,0.0,80.0
2014-03-11,7.22,13.52,10.37,14.575,0.0,0.0,80.0
2014-03-12,5.06,17.81,11.43,15.592,0.0,0.0,80.0
2014-03-13,3.22,18.31,10.76,15.462,0.2,0.0,80.0
2014-03-14,3.51,16.05,9.78,13.518,0.0,0.0,80.0
2014-03-15,5.9,12.24,9.07,6.897,0.2,0.0,80.0
2014-03-16,5.02,16.44,10.73,16.904,0.0,0.0,80.0
2014-03-17,5.72,9.69,7.71,2.423,0.0,0.0,80.0
2014-03-18,7.58,10.85,9.21,4.271,0.4,0.0,80.0
2014-03-19,5.51,15.12,10.31,13.709,0.0,0.0,80.0
2014-03-20,2.53,19.67,11.1,18.002,0.0,0.0,80.0
2014-03-21,7.13,12.27,9.7,8.79,1.0,0.0,80.0
2014-03-22,3.48,11.56,7.52,10.197,2.8,0.0,80.0
2014-03-23,2.03,9.54,5.78,12.359,2.0,0.0,80.0
2014-03-24,0.42,11.41,5.92,16.261,0.0,0.0,80.0
2014-03-25,0.47,10.08,5.28,8.984,0.0,0.0,80.0
2014-03-26,1.42,10.71,6.07,15.776,0.0,0.0,80.0
2014-03-27,-1.09,13.3,6.11,16.866,0.0,0.0,80.0
2014-03-28,0.31,15.64,7.98,16.431,0.0,0.0,80.0
2014-03-29,3.87,19.88,11.88,18.734,0.0,0.0,80.0
2014-03-30,6.91,19.22,13.06,11.589,0.0,0.0,80.0
2014-03-31,6.37,21.24,13.8,15.565,0.0,0.0,80.0
2014-04-01,6.72,20.5,13.61,18.195,0.0,0.0,80.0
2014-04-02,8.08,21.52,14.8,17.619,0.0,0.0,80.0
2014-04-03,9.99,19.33,14.66,11.55,0.0,0.0,80.0
2014-04-04,9.85,13.49,11.67,5.16,0.0,0.0,80.0
2014-04-05,4.85,18.71,11.78,20.195,0.0,0.0,80.0
2014-04-06,8.45,18.66,13.55,9.758,0.2,0.0,80.0
2014-04-07,10.92,21.49,16.2,16.507,4.9,0.0,80.0
2014-04-08,7.1,12.68,9.89,16.829,1.0,0.0,80.0
2014-04-09,2.02,14.74,8.38,16.37,0.0,0.0,80.0
2014-04-10,2.88,17.48,10.18,22.176,0.2,0.0,80.0
2014-04-11,5.98,16.63,11.3,17.909,0.0,0.0,80.0
2014-04-12,6.31,15.58,10.95,15.655,0.2,0.0,80.0
2014-04-13,5.7,15.73,10.71,11.937,0.0,0.0,80.0
2014-04-14,4.24,14.73,9.48,21.048,0.0,0.0,80.0
2014-04-15,2.14,13.17,7.66,23.52,0.0,0.0,80.0
2014-04-16,1.02,15.23,8.13,24.3,0.0,0.0,80.0
2014-04-17,1.47,19.0,10.23,23.531,0.0,0.0,80.0
2014-04-18,7.85,13.58,10.71,18.066,0.0,0.0,80.0
2014-04-19,3.02,14.01,8.52,17.365,0.0,0.0,80.0
2014-04-20,11.01,18.08,14.54,18.292,0.0,0.0,80.0
2014-04-21,5.31,18.6,11.96,16.184,0.0,0.0,80.0
2014-04-22,8.05,18.66,13.36,16.004,0.4,0.0,80.0
2014-04-23,5.06,20.35,12.71,17.927,1.4,0.0,80.0
2014-04-24,10.54,18.47,14.5,13.997,7.0,0.0,80.0
2014-04-25,11.84,18.79,15.31,11.571,0.4,0.0,80.0
2014-04-26,6.22,13.55,9.88,8.931,3.4,0.0,80.0
2014-04-27,5.26,16.11,10.68,12.25,0.8,0.0,80.0
2014-04-28,7.25,16.53,11.89,14.31,0.0,0.0,80.0
2014-04-29,6.92,17.37,12.14,14.687,0.0,0.0,80.0
2014-04-30,6.66,19.4,13.03,21.874,3.8,0.0,80.0
2014-05-01,8.74,18.0,13.37,14.078,11.3,0.0,80.0
2014-05-02,10.67,16.15,13.41,11.942,0.2,0.0,80.0
2014-05-03,4.55,14.47,9.51,23.291,0.0,0.0,80.0
2014-05-04,2.42,16.57,9.5,24.682,0.0,0.0,80.0
2014-05-05,3.39,20.81,12.1,27.1,0.0,0.0,80.0
2014-05-06,9.97,19.75,14.86,14.029,11.7,0.0,80.0
2014-05-07,10.0,16.68,13.34,17.429,0.2,0.0,80.0
2014-05-08,8.22,13.88,11.05,5.96,12.9,0.0,80.0
2014-05-09,11.43,17.47,14.45,17.155,0.0,0.0,80.0
2014-05-10,7.0,15.77,11.38,7.447,8.5,0.0,80.0
2014-05-11,8.66,15.21,11.94,21.894,0.8,0.0,80.0
2014-05-12,6.77,14.63,10.7,19.511,4.8,0.0,80.0
2014-05-13,6.46,15.76,11.11,17.11,3.4,0.0,80.0
2014-05-14,2.59,17.32,9.96,25.161,0.0,0.0,80.0
2014-05-15,4.05,15.81,9.93,26.765,0.0,0.0,80.0
2014-05-16,4.68,18.5,11.59,29.422,0.0,0.0,80.0
2014-05-17,6.44,20.96,13.7,28.773,0.0,0.0,80.0
2014-05-18,8.0,23.41,15.71,28.876,0.0,0.0,80.0
2014-05-19,9.42,24.48,16.95,29.776,0.0,0.0,80.0
2014-05-20,12.33,22.8,17.57,17.262,15.1,0.0,80.0
2014-05-21,11.54,20.64,16.09,7.88,3.2,0.0,80.0
2014-05-22,10.34,20.51,15.43,20.778,2.8,0.0,80.0
2014-05-23,8.56,19.68,14.12,21.381,7.6,0.0,80.0
2014-05-24,10.58,17.83,14.2,16.288,0.2,0.0,80.0
2014-05-25,6.12,20.4,13.26,24.219,0.8,0.0,80.0
2014-05-26,12.23,15.27,13.75,5.42,23.2,0.0,80.0
2014-05-27,13.05,16.51,14.78,9.977,0.2,0.0,80.0
2014-05-28,11.86,15.81,13.84,8.146,0.2,0.0,80.0
2014-05-29,11.85,18.7,15.27,13.751,0.0,0.0,80.0
2014-05-30,11.45,19.8,15.63,24.965,0.0,0.0,80.0
2014-05-31,8.03,19.98,14.0,24.768,0.2,0.0,80.0
2014-06-01,7.98,19.06,13.52,18.038,0.2,0.0,80.0
2014-06-02,6.13,20.41,13.27,23.92,0.0,0.0,80.0
2014-06-03,11.54,21.18,16.36,15.529,15.7,0.0,80.0
2014-06-04,11.86,18.22,15.04,11.69,11.7,0.0,80.0
2014-06-05,6.96,19.49,13.22,27.028,0.0,0.0,80.0
2014-06-06,8.56,25.71,17.14,30.778,0.0,0.0,80.0
2014-06-07,14.36,28.27,21.31,24.665,3.6,0.0,80.0
2014-06-08,15.05,27.34,21.2,25.583,1.2,0.0,80.0
2014-06-09,16.35,26.5,21.43,17.462,17.6,0.0,80.0
2014-06-10,15.17,21.93,18.55,10.525,9.5,0.0,80.0
2014-06-11,13.75,23.5,18.63,30.069,0.0,0.0,80.0
2014-06-12,11.74,23.32,17.53,32.002,0.0,0.0,80.0
2014-06-13,11.83,23.14,17.48,28.511,0.0,0.0,80.0
2014-06-14,12.49,21.37,16.93,25.353,0.2,0.0,80.0
2014-06-15,10.67,20.16,15.41,24.08,0.0,0.0,80.0
2014-06-16,10.25,17.97,14.11,19.937,0.2,0.0,80.0
2014-06-17,10.27,18.79,14.53,15.323,0.0,0.0,80.0
2014-06-18,10.46,21.8,16.13,30.707,0.2,0.0,80.0
2014-06-19,10.22,21.03,15.63,24.695,0.0,0.0,80.0
2014-06-20,10.63,19.83,15.23,20.486,0.0,0.0,80.0
2014-06-21,7.03,23.07,15.05,28.811,0.0,0.0,80.0
2014-06-22,11.88,23.52,17.7,29.736,0.0,0.0,80.0
2014-06-23,10.19,23.21,16.7,31.579,0.2,0.0,80.0
2014-06-24,10.67,25.09,17.88,27.834,0.6,0.0,80.0
2014-06-25,13.24,20.84,17.04,31.208,0.0,0.0,80.0
2014-06-26,8.23,24.19,16.21,28.747,0.0,0.0,80.0
2014-06-27,12.54,24.34,18.44,21.839,0.0,0.0,80.0
2014-06-28,12.72,20.01,16.37,9.788,18.0,0.0,80.0
2014-06-29,11.97,18.8,15.39,15.352,2.4,0.0,80.0
2014-06-30,9.61,20.69,15.15,21.314,0.4,0.0,80.0
2014-07-01,11.06,22.51,16.79,28.128,0.0,0.0,80.0
2014-07-02,9.71,23.57,16.64,31.376,0.0,0.0,80.0
2014-07-03,9.59,28.01,18.8,30.771,0.2,0.0,80.0
2014-07-04,12.92,25.18,19.05,16.153,1.8,0.0,80.0
2014-07-05,16.75,23.37,20.06,10.778,4.2,0.0,80.0
2014-07-06,14.15,20.93,17.54,11.649,5.0,0.0,80.0
2014-07-07,8.6,21.3,14.95,18.812,2.8,0.0,80.0
2014-07-08,13.36,19.11,16.23,11.368,3.8,0.0,80.0
2014-07-09,12.09,16.02,14.05,5.769,16.9,0.0,80.0
2014-07-10,13.89,17.48,15.69,5.023,4.8,0.0,80.0
2014-07-11,14.35,17.4,15.88,5.161,2.8,0.0,80.0
2014-07-12,14.43,21.3,17.87,10.176,0.0,0.0,80.0
2014-07-13,13.43,22.7,18.06,12.115,7.2,0.0,80.0
2014-07-14,12.61,23.41,18.01,20.144,0.0,0.0,80.0
2014-07-15,10.19,22.25,16.22,11.1,0.0,0.0,80.0
2014-07-16,13.34,28.35,20.84,25.838,0.0,0.0,80.0
2014-07-17,14.4,30.92,22.66,26.443,0.0,0.0,80.0
2014-07-18,17.59,34.54,26.06,27.322,0.0,0.0,80.0
2014-07-19,20.08,30.21,25.14,16.117,5.9,0.0,80.0
2014-07-20,17.56,23.41,20.48,11.131,1.6,0.0,80.0
2014-07-21,17.05,24.06,20.55,18.226,0.0,0.0,80.0
2014-07-22,17.02,23.93,20.48,7.513,0.0,0.0,80.0
2014-07-23,16.81,30.52,23.66,26.89,0.0,0.0,80.0
2014-07-24,16.63,29.29,22.96,26.027,0.0,0.0,80.0
2014-07-25,14.36,26.55,20.45,20.104,0.0,0.0,80.0
2014-07-26,15.44,25.4,20.42,14.446,0.0,0.0,80.0
2014-07-27,15.64,27.83,21.73,20.431,3.6,0.0,80.0
2014-07-28,16.39,21.18,18.79,10.176,2.0,0.0,80.0
2014-07-29,14.04,23.04,18.54,8.703,0.0,0.0,80.0
2014-07-30,14.73,24.44,19.59,20.634,0.2,0.0,80.0
2014-07-31,10.13,26.0,18.07,26.812,0.0,0.0,80.0
2014-08-01,12.53,27.74,20.13,25.588,0.0,0.0,80.0
2014-08-02,15.11,24.98,20.05,18.722,1.4,0.0,80.0
2014-08-03,13.95,25.37,19.66,19.563,0.0,0.0,80.0
2014-08-04,13.35,23.97,18.66,16.836,0.2,0.0,80.0
2014-08-05,9.3,24.41,16.86,21.933,0.0,0.0,80.0
2014-08-06,14.56,21.24,17.9,7.273,10.7,0.0,80.0
2014-08-07,12.43,25.4,18.91,16.165,2.0,0.0,80.0
2014-08-08,17.05,22.62,19.84,8.052,4.6,0.0,80.0
2014-08-09,15.21,22.9,19.05,18.476,0.2,0.0,80.0
2014-08-10,15.41,24.09,19.75,11.547,2.2,0.0,80.0
2014-08-11,11.75,22.52,17.13,19.911,3.7,0.0,80.0
2014-08-12,11.14,21.3,16.22,17.812,11.2,0.0,80.0
2014-08-13,11.95,22.43,17.19,22.573,0.0,0.0,80.0
2014-08-14,11.45,20.13,15.79,13.151,7.2,0.0,80.0
2014-08-15,11.95,18.82,15.38,10.464,9.1,0.0,80.0
2014-08-16,9.35,21.42,15.39,19.747,0.0,0.0,80.0
2014-08-17,11.35,18.85,15.1,10.878,0.6,0.0,80.0
2014-08-18,12.94,20.72,16.83,19.466,0.2,0.0,80.0
2014-08-19,8.73,18.49,13.61,14.825,0.2,0.0,80.0
2014-08-20,5.57,18.3,11.94,15.103,0.0,0.0,80.0
2014-08-21,6.21,19.79,13.0,15.672,0.0,0.0,80.0
2014-08-22,9.74,19.73,14.73,13.61,2.0,0.0,80.0
2014-08-23,9.27,18.92,14.1,18.915,1.2,0.0,80.0
2014-08-24,7.02,20.59,13.8,18.309,0.0,0.0,80.0
2014-08-25,10.26,17.0,13.63,5.243,26.6,0.0,80.0
2014-08-26,13.22,21.21,17.21,8.547,12.3,0.0,80.0
2014-08-27,13.04,21.52,17.28,10.744,0.4,0.0,80.0
2014-08-28,14.28,23.53,18.91,9.914,1.4,0.0,80.0
2014-08-29,13.81,21.89,17.85,15.082,0.2,0.0,80.0
2014-08-30,12.1,19.84,15.97,7.224,1.6,0.0,80.0
2014-08-31,13.74,21.09,17.41,16.207,0.0,0.0,80.0
2014-09-01,9.84,21.55,15.7,14.078,0.0,0.0,80.0
2014-09-02,13.89,23.13,18.51,11.822,0.0,0.0,80.0
2014-09-03,12.24,22.09,17.16,20.988,0.0,0.0,80.0
2014-09-04,11.61,22.38,16.99,10.75,0.0,0.0,80.0
2014-09-05,14.79,23.84,19.31,15.322,0.0,0.0,80.0
2014-09-06,17.14,21.53,19.34,5.335,0.0,0.0,80.0
2014-09-07,12.59,24.37,18.48,15.417,0.2,0.0,80.0
2014-09-08,12.73,23.07,17.9,18.411,0.0,0.0,80.0
2014-09-09,10.25,21.08,15.66,20.184,0.2,0.0,80.0
2014-09-10,9.37,19.26,14.32,18.631,0.0,0.0,80.0
2014-09-11,9.62,21.09,15.36,15.97,0.0,0.0,80.0
2014-09-12,10.35,21.82,16.09,19.33,0.2,0.0,80.0
2014-09-13,12.44,21.49,16.96,18.027,0.0,0.0,80.0
2014-09-14,11.53,19.35,15.44,12.629,0.0,0.0,80.0
2014-09-15,11.83,24.24,18.04,17.565,0.0,0.0,80.0
2014-09-16,11.59,25.53,18.56,17.887,0.2,0.0,80.0
2014-09-17,14.8,26.85,20.83,14.92,0.0,0.0,80.0
2014-09-18,16.84,26.5,21.67,15.517,0.0,0.0,80.0
2014-09-19,13.63,26.77,20.2,14.984,0.2,0.0,80.0
2014-09-20,14.83,26.35,20.59,12.316,12.8,0.0,80.0
2014-09-21,14.85,19.26,17.05,9.123,0.2,0.0,80.0
2014-09-22,10.53,17.6,14.07,12.588,0.2,0.0,80.0
2014-09-23,6.17,17.84,12.0,13.811,0.0,0.0,80.0
2014-09-24,5.62,16.18,10.9,5.98,5.4,0.0,80.0
2014-09-25,5.11,18.11,11.61,14.03,0.2,0.0,80.0
2014-09-26,7.63,21.36,14.49,13.594,0.0,0.0,80.0
2014-09-27,13.98,22.92,18.45,15.035,0.0,0.0,80.0
2014-09-28,11.68,23.44,17.56,13.475,0.0,0.0,80.0
2014-09-29,13.32,19.95,16.63,5.188,2.4,0.0,80.0
2014-09-30,13.37,22.38,17.88,12.811,0.2,0.0,80.0
2014-10-01,10.9,22.89,16.89,12.961,0.0,0.0,80.0
2014-10-02,13.8,20.68,17.24,5.904,0.0,0.0,80.0
2014-10-03,11.38,23.29,17.34,12.828,0.2,0.0,80.0
2014-10-04,10.17,22.37,16.27,12.094,5.1,0.0,80.0
2014-10-05,11.04,14.57,12.8,5.574,0.0,0.0,80.0
2014-10-06,10.38,13.79,12.09,3.93,7.6,0.0,80.0
2014-10-07,10.35,15.82,13.09,6.196,0.2,0.0,80.0
2014-10-08,7.42,18.72,13.07,5.589,15.3,0.0,80.0
2014-10-09,13.22,18.82,16.02,8.936,0.0,0.0,80.0
2014-10-10,10.82,17.37,14.1,10.234,0.2,0.0,80.0
2014-10-11,11.06,18.24,14.65,7.322,7.3,0.0,80.0
2014-10-12,7.73,15.94,11.84,4.715,3.6,0.0,80.0
2014-10-13,12.79,17.86,15.32,7.5,0.0,0.0,80.0
2014-10-14,7.86,17.12,12.49,11.248,0.0,0.0,80.0
2014-10-15,6.69,14.8,10.75,4.002,3.4,0.0,80.0
2014-10-16,13.41,18.26,15.84,6.177,11.9,0.0,80.0
2014-10-17,13.03,18.44,15.73,6.576,0.2,0.0,80.0
2014-10-18,12.31,23.8,18.05,11.374,0.2,0.0,80.0
2014-10-19,13.5,23.07,18.29,9.433,0.4,0.0,80.0
2014-10-20,12.01,16.3,14.16,6.39,0.2,0.0,80.0
2014-10-21,10.12,15.28,12.7,4.911,3.8,0.0,80.0
2014-10-22,5.68,13.44,9.56,9.196,0.0,0.0,80.0
2014-10-23,7.43,14.72,11.07,4.374,0.0,0.0,80.0
2014-10-24,10.47,13.31,11.89,2.84,4.6,0.0,80.0
2014-10-25,11.31,15.94,13.63,4.387,2.8,0.0,80.0
2014-10-26,8.46,16.74,12.6,5.388,0.2,0.0,80.0
2014-10-27,10.1,17.82,13.96,8.013,0.0,0.0,80.0
2014-10-28,7.74,10.38,9.06,1.856,0.2,0.0,80.0
2014-10-29,9.09,13.11,11.1,2.463,0.2,0.0,80.0
2014-10-30,9.61,18.84,14.22,6.443,0.2,0.0,80.0
2014-10-31,9.45,19.36,14.4,7.739,0.4,0.0,80.0
2014-11-01,8.88,19.16,14.02,8.437,0.2,0.0,80.0
2014-11-02,11.46,17.31,14.38,6.244,2.0,0.0,80.0
2014-11-03,10.55,14.85,12.7,2.408,11.6,0.0,80.0
2014-11-04,7.06,10.69,8.88,3.61,0.0,0.0,80.0
2014-11-05,2.43,10.51,6.47,5.416,0.2,0.0,80.0
2014-11-06,3.6,11.68,7.64,8.172,0.0,0.0,80.0
2014-11-07,5.59,13.48,9.54,3.405,3.4,0.0,80.0
2014-11-08,6.12,12.74,9.43,6.524,0.2,0.0,80.0
2014-11-09,6.36,11.75,9.05,2.409,0.0,0.0,80.0
2014-11-10,4.9,11.67,8.29,7.109,0.2,0.0,80.0
2014-11-11,4.88,15.32,10.1,6.258,0.2,0.0,80.0
2014-11-12,8.23,14.09,11.16,5.79,0.2,0.0,80.0
2014-11-13,3.6,11.7,7.65,3.963,0.0,0.0,80.0
2014-11-14,7.52,10.08,8.8,0.971,16.0,0.0,80.0
2014-11-15,8.45,11.09,9.77,1.261,4.0,0.0,80.0
2014-11-16,5.71,11.7,8.71,3.742,1.8,0.0,80.0
2014-11-17,7.74,10.01,8.88,2.335,0.8,0.0,80.0
2014-11-18,6.53,12.32,9.43,5.047,0.2,0.0,80.0
2014-11-19,2.69,8.79,5.74,3.282,0.2,0.0,80.0
2014-11-20,5.73,8.8,7.27,2.302,0.0,0.0,80.0
2014-11-21,4.0,9.03,6.51,3.225,0.0,0.0,80.0
2014-11-22,6.19,11.59,8.89,3.064,0.0,0.0,80.0
2014-11-23,7.57,14.17,10.87,4.608,1.0,0.0,80.0
2014-11-24,7.41,11.18,9.29,5.294,0.0,0.0,80.0
2014-11-25,5.1,9.77,7.43,2.922,3.0,0.0,80.0
2014-11-26,7.32,10.51,8.91,0.831,2.6,0.0,80.0
2014-11-27,8.79,10.01,9.4,1.432,0.4,0.0,80.0
2014-11-28,8.19,11.36,9.77,2.741,0.0,0.0,80.0
2014-11-29,3.63,6.46,5.04,2.874,0.0,0.0,80.0
2014-11-30,2.69,6.86,4.78,1.111,0.2,0.0,80.0
2014-12-01,2.24,3.54,2.89,0.279,0.2,0.0,80.0
2014-12-02,1.84,3.4,2.62,0.574,2.4,0.0,80.0
2014-12-03,0.75,2.05,1.4,1.505,0.0,0.0,80.0
2014-12-04,0.33,3.54,1.94,0.996,0.0,0.0,80.0
2014-12-05,2.27,4.75,3.51,0.538,0.4,0.0,80.0
2014-12-06,3.23,8.3,5.77,3.266,0.2,0.0,80.0
2014-12-07,-1.96,5.99,2.02,1.251,1.4,0.0,80.0
2014-12-08,-0.58,4.17,1.79,1.138,4.4,0.0,80.0
2014-12-09,0.0,6.03,3.02,3.948,2.4,0.0,80.0
2014-12-10,2.26,9.52,5.89,1.993,1.8,0.0,80.0
2014-12-11,5.86,9.03,7.45,1.521,4.4,0.0,80.0
2014-12-12,7.42,10.95,9.18,0.84,19.2,0.0,80.0
2014-12-13,2.73,4.08,3.41,0.598,5.9,0.0,80.0
2014-12-14,-2.9,3.21,0.16,1.902,0.0,0.0,80.0
2014-12-15,0.39,5.78,3.08,0.746,1.6,0.0,80.0
2014-12-16,4.53,8.68,6.61,3.761,5.0,0.0,80.0
2014-12-17,1.82,11.74,6.78,0.636,4.3,0.0,80.0
2014-12-18,10.03,13.27,11.65,0.807,0.6,0.0,80.0
2014-12-19,7.53,11.97,9.75,0.548,4.0,0.0,80.0
2014-12-20,3.41,9.0,6.21,2.441,0.2,0.0,80.0
2014-12-21,2.23,8.49,5.36,1.618,0.0,0.0,80.0
2014-12-22,7.36,10.71,9.04,0.825,0.0,0.0,80.0
2014-12-23,8.96,10.37,9.66,0.85,0.2,0.0,80.0
2014-12-24,7.42,10.32,8.87,0.95,1.0,0.0,80.0
2014-12-25,3.11,7.89,5.5,3.796,0.0,0.0,80.0
2014-12-26,-1.4,7.8,3.2,2.962,9.9,0.0,80.0
2014-12-27,0.95,4.88,2.92,0.86,2.2,0.0,80.0
2014-12-28,-2.74,-0.81,-1.78,4.75,0.0,0.0,80.0
2014-12-29,-5.3,3.59,-0.85,2.752,0.2,0.0,80.0
2014-12-30,-0.35,1.9,0.77,2.036,0.0,0.0,80.0
2014-12-31,0.84,4.51,2.67,1.924,0.0,0.0,80.0
2015-01-01,-3.39,4.46,0.53,4.914,1.0,0.0,80.0
2015-01-02,1.28,9.88,5.58,2.195,0.0,0.0,80.0
2015-01-03,0.16,12.17,6.17,0.265,9.5,0.0,80.0
2015-01-04,1.2,6.66,3.93,3.025,0.0,0.0,80.0
2015-01-05,-2.93,-0.37,-1.65,1.637,0.0,0.0,80.0
2015-01-06,-2.23,3.34,0.55,1.268,0.0,0.0,80.0
2015-01-07,-1.6,7.33,2.87,1.728,0.0,0.0,80.0
2015-01-08,2.76,10.75,6.75,0.686,9.0,0.0,80.0
2015-01-09,5.71,14.96,10.34,1.252,1.0,0.0,80.0
2015-01-10,8.59,13.33,10.96,1.563,2.0,0.0,80.0
2015-01-11,2.87,7.81,5.34,4.924,0.0,0.0,80.0
2015-01-12,6.04,10.02,8.03,1.466,0.0,0.0,80.0
2015-01-13,7.38,10.56,8.97,1.548,1.4,0.0,80.0
2015-01-14,0.82,9.79,5.3,3.7,5.0,0.0,80.0
2015-01-15,3.8,10.6,7.2,0.761,3.8,0.0,80.0
2015-01-16,3.25,7.75,5.5,3.183,5.8,0.0,80.0
2015-01-17,-0.77,6.01,2.62,6.063,0.0,0.0,80.0
2015-01-18,0.66,6.17,3.42,4.476,2.6,0.0,80.0
2015-01-19,-0.05,1.98,0.96,1.44,1.2,0.0,80.0
2015-01-20,-2.85,0.25,-1.3,2.251,0.0,0.0,80.0
2015-01-21,-1.68,1.71,0.02,2.787,0.0,0.0,80.0
2015-01-22,-2.49,-0.06,-1.28,2.767,0.0,0.0,80.0
2015-01-23,-1.0,2.79,0.9,4.159,1.0,0.0,80.0
2015-01-24,-2.27,5.85,1.79,4.431,2.8,0.0,80.0
2015-01-25,-1.0,5.34,2.17,2.711,0.2,0.0,80.0
2015-01-26,3.12,9.21,6.17,1.297,2.8,0.0,80.0
2015-01-27,0.32,7.32,3.82,3.963,0.2,0.0,80.0
2015-01-28,3.16,8.39,5.78,1.509,2.6,0.0,80.0
2015-01-29,1.94,4.91,3.42,1.82,5.0,0.0,80.0
2015-01-30,0.58,2.73,1.66,1.949,1.8,0.0,80.0
2015-01-31,-1.28,3.84,1.28,2.965,2.2,0.0,80.0
2015-02-01,0.72,4.66,2.69,2.278,6.5,0.0,80.0
2015-02-02,0.21,3.72,1.97,6.551,0.0,0.0,80.0
2015-02-03,-2.51,4.01,0.75,7.228,0.0,0.0,80.0
2015-02-04,-0.95,4.82,1.94,8.102,0.0,0.0,80.0
2015-02-05,-1.51,1.34,-0.08,5.867,0.0,0.0,80.0
2015-02-06,-1.72,1.01,-0.35,6.472,0.0,0.0,80.0
2015-02-07,-2.83,4.53,0.85,8.557,0.0,0.0,80.0
2015-02-08,2.83,6.55,4.69,4.368,1.4,0.0,80.0
2015-02-09,-1.94,2.87,0.47,2.608,0.0,0.0,80.0
2015-02-10,1.87,5.76,3.81,2.107,0.0,0.0,80.0
2015-02-11,2.61,4.35,3.48,2.661,0.0,0.0,80.0
2015-02-12,-2.18,2.54,0.18,3.367,0.0,0.0,80.0
2015-02-13,-0.92,11.14,5.11,7.756,3.0,0.0,80.0
2015-02-14,4.17,9.4,6.79,3.638,0.4,0.0,80.0
2015-02-15,3.12,10.47,6.79,9.6,0.0,0.0,80.0
2015-02-16,-0.63,3.94,1.66,2.957,0.0,0.0,80.0
2015-02-17,2.7,7.68,5.19,2.438,0.6,0.0,80.0
2015-02-18,-0.87,2.86,0.99,4.335,0.0,0.0,80.0
2015-02-19,0.58,6.74,3.66,5.547,1.2,0.0,80.0
2015-02-20,2.49,7.45,4.97,1.195,10.7,0.0,80.0
2015-02-21,2.14,5.49,3.82,4.5,0.6,0.0,80.0
2015-02-22,-1.42,7.72,3.15,10.291,10.3,0.0,80.0
2015-02-23,3.81,10.49,7.15,7.099,0.8,0.0,80.0
2015-02-24,2.45,9.93,6.19,8.153,0.6,0.0,80.0
2015-02-25,0.24,7.79,4.01,3.306,2.8,0.0,80.0
2015-02-26,5.87,10.19,8.03,2.656,9.3,0.0,80.0
2015-02-27,2.77,8.24,5.5,10.494,0.0,0.0,80.0
2015-02-28,-1.37,9.77,4.2,8.963,3.0,0.0,80.0
2015-03-01,7.16,12.1,9.63,7.522,0.0,0.0,80.0
2015-03-02,3.62,9.11,6.37,9.358,4.6,0.0,80.0
2015-03-03,1.34,9.66,5.5,6.588,4.0,0.0,80.0
2015-03-04,0.25,8.92,4.58,11.529,1.0,0.0,80.0
2015-03-05,-1.09,10.03,4.47,12.181,0.0,0.0,80.0
2015-03-06,-1.29,11.05,4.88,12.271,0.0,0.0,80.0
2015-03-07,-0.08,13.74,6.83,10.365,0.0,0.0,80.0
2015-03-08,0.24,18.15,9.19,14.635,0.0,0.0,80.0
2015-03-09,7.05,12.54,9.79,4.937,0.2,0.0,80.0
2015-03-10,6.65,13.78,10.21,7.624,0.0,0.0,80.0
2015-03-11,1.36,12.1,6.73,12.438,0.0,0.0,80.0
2015-03-12,-1.87,13.69,5.91,15.582,0.0,0.0,80.0
2015-03-13,-1.19,12.23,5.52,13.018,0.0,0.0,80.0
2015-03-14,1.76,10.04,5.9,12.55,0.4,0.0,80.0
2015-03-15,3.65,7.02,5.33,4.656,0.4,0.0,80.0
2015-03-16,-0.34,12.45,6.05,13.906,0.0,0.0,80.0
2015-03-17,2.77,17.11,9.94,15.387,0.0,0.0,80.0
2015-03-18,5.36,13.0,9.18,12.203,0.0,0.0,80.0
2015-03-19,5.41,8.08,6.75,2.392,0.0,0.0,80.0
2015-03-20,6.18,11.41,8.79,10.496,0.0,0.0,80.0
2015-03-21,2.59,9.13,5.86,6.187,0.0,0.0,80.0
2015-03-22,4.86,9.3,7.08,13.753,0.0,0.0,80.0
2015-03-23,-1.11,12.3,5.6,17.035,0.0,0.0,80.0
2015-03-24,-0.33,9.24,4.46,7.652,7.9,0.0,80.0
2015-03-25,3.97,7.92,5.95,6.33,1.2,0.0,80.0
2015-03-26,-2.11,8.07,2.98,4.917,4.4,0.0,80.0
2015-03-27,1.49,11.48,6.49,14.139,0.0,0.0,80.0
2015-03-28,1.92,16.09,9.0,4.777,1.6,0.0,80.0
2015-03-29,9.34,12.6,10.97,2.768,3.0,0.0,80.0
2015-03-30,8.25,12.58,10.41,13.352,2.4,0.0,80.0
2015-03-31,8.23,12.79,10.51,9.917,1.0,0.0,80.0
2015-04-01,3.67,11.03,7.35,16.692,2.0,0.0,80.0
2015-04-02,6.36,10.44,8.4,10.972,4.0,0.0,80.0
2015-04-03,2.18,8.85,5.51,3.113,4.4,0.0,80.0
2015-04-04,6.14,8.32,7.23,5.67,0.6,0.0,80.0
2015-04-05,1.07,11.03,6.05,18.352,0.0,0.0,80.0
2015-04-06,0.83,12.07,6.45,12.753,0.0,0.0,80.0
2015-04-07,1.43,14.64,8.04,20.535,0.0,0.0,80.0
2015-04-08,2.38,16.38,9.38,19.586,0.0,0.0,80.0
2015-04-09,3.0,19.72,11.36,21.005,0.0,0.0,80.0
2015-04-10,4.37,22.21,13.29,20.424,1.0,0.0,80.0
2015-04-11,10.91,15.11,13.01,7.232,0.2,0.0,80.0
2015-04-12,0.76,18.36,9.56,21.071,0.0,0.0,80.0
2015-04-13,5.31,17.17,11.24,17.066,0.0,0.0,80.0
2015-04-14,5.98,23.0,14.49,22.224,0.0,0.0,80.0
2015-04-15,7.47,26.25,16.86,22.451,0.0,0.0,80.0
2015-04-16,9.2,22.17,15.69,16.229,0.0,0.0,80.0
2015-04-17,8.9,16.08,12.49,14.164,0.0,0.0,80.0
2015-04-18,4.97,15.56,10.27,23.853,0.0,0.0,80.0
2015-04-19,3.93,16.14,10.04,23.965,0.0,0.0,80.0
2015-04-20,4.57,20.14,12.36,22.334,0.0,0.0,80.0
2015-04-21,6.48,21.02,13.75,23.77,0.0,0.0,80.0
2015-04-22,5.04,16.83,10.93,24.511,0.0,0.0,80.0
2015-04-23,4.04,18.88,11.46,24.37,0.0,0.0,80.0
2015-04-24,3.81,22.39,13.1,21.684,3.8,0.0,80.0
2015-04-25,11.01,18.26,14.64,12.551,4.0,0.0,80.0
2015-04-26,11.11,16.58,13.84,11.096,5.4,0.0,80.0
2015-04-27,7.74,13.04,10.39,18.737,0.0,0.0,80.0
2015-04-28,0.72,13.12,6.92,22.5,0.0,0.0,80.0
2015-04-29,2.94,15.24,9.09,16.677,3.8,0.0,80.0
2015-04-30,6.34,12.9,9.62,9.604,4.4,0.0,80.0
2015-05-01,5.3,12.31,8.8,9.06,0.8,0.0,80.0
2015-05-02,7.71,13.4,10.55,7.611,3.4,0.0,80.0
2015-05-03,11.28,19.54,15.41,7.66,2.4,0.0,80.0
2015-05-04,9.63,19.56,14.59,17.629,5.8,0.0,80.0
2015-05-05,13.09,19.64,16.37,19.83,2.8,0.0,80.0
2015-05-06,8.07,16.49,12.28,20.458,1.2,0.0,80.0
2015-05-07,5.19,16.63,10.91,22.053,0.0,0.0,80.0
2015-05-08,9.7,18.84,14.27,17.155,0.0,0.0,80.0
2015-05-09,12.44,18.97,15.7,19.309,0.0,0.0,80.0
2015-05-10,7.53,20.62,14.08,23.225,0.2,0.0,80.0
2015-05-11,10.94,25.65,18.29,20.88,0.0,0.0,80.0
2015-05-12,11.02,18.22,14.62,21.942,0.0,0.0,80.0
2015-05-13,3.79,20.17,11.98,24.342,0.0,0.0,80.0
2015-05-14,8.81,15.2,12.0,7.677,6.3,0.0,80.0
2015-05-15,5.48,15.35,10.41,13.621,0.2,0.0,80.0
2015-05-16,3.69,16.87,10.28,9.95,0.4,0.0,80.0
2015-05-17,4.79,18.07,11.43,24.018,0.0,0.0,80.0
2015-05-18,5.02,18.69,11.86,18.575,3.0,0.0,80.0
2015-05-19,5.8,15.11,10.46,23.038,2.2,0.0,80.0
2015-05-20,4.56,15.52,10.04,23.47,0.0,0.0,80.0
2015-05-21,3.15,17.73,10.44,24.589,0.0,0.0,80.0
2015-05-22,5.44,19.11,12.28,19.459,0.0,0.0,80.0
2015-05-23,9.34,20.67,15.01,17.01,1.2,0.0,80.0
2015-05-24,8.38,20.48,14.43,27.311,0.0,0.0,80.0
2015-05-25,11.73,18.2,14.96,18.427,0.0,0.0,80.0
2015-05-26,7.05,18.25,12.65,18.456,0.0,0.0,80.0
2015-05-27,5.49,20.8,13.14,23.631,0.0,0.0,80.0
2015-05-28,9.56,17.4,13.48,13.449,0.0,0.0,80.0
2015-05-29,5.33,16.38,10.86,13.689,1.0,0.0,80.0
2015-05-30,4.96,17.77,11.37,21.422,0.0,0.0,80.0
2015-05-31,7.92,16.3,12.11,7.36,6.3,0.0,80.0
2015-06-01,5.81,17.63,11.72,23.2,0.2,0.0,80.0
2015-06-02,9.88,21.38,15.63,8.594,0.2,0.0,80.0
2015-06-03,12.41,19.24,15.82,19.374,0.0,0.0,80.0
2015-06-04,5.94,24.67,15.31,30.28,0.0,0.0,80.0
2015-06-05,13.72,32.24,22.98,22.175,6.6,0.0,80.0
2015-06-06,10.58,19.51,15.05,30.587,0.0,0.0,80.0
2015-06-07,3.98,20.55,12.27,29.032,0.0,0.0,80.0
2015-06-08,7.53,18.75,13.14,30.42,0.0,0.0,80.0
2015-06-09,8.66,17.68,13.17,28.776,0.0,0.0,80.0
2015-06-10,8.02,23.0,15.51,29.772,0.0,0.0,80.0
2015-06-11,14.11,27.12,20.62,28.845,0.0,0.0,80.0
2015-06-12,17.61,28.49,23.05,23.111,0.0,0.0,80.0
2015-06-13,13.96,23.9,18.93,25.742,0.0,0.0,80.0
2015-06-14,6.8,23.09,14.95,27.394,0.0,0.0,80.0
2015-06-15,13.35,19.21,16.28,14.508,0.0,0.0,80.0
2015-06-16,9.51,19.92,14.71,28.764,0.0,0.0,80.0
2015-06-17,5.73,24.91,15.32,27.748,0.6,0.0,80.0
2015-06-18,15.08,20.25,17.66,13.399,0.8,0.0,80.0
2015-06-19,7.19,19.17,13.18,18.858,0.0,0.0,80.0
2015-06-20,11.46,20.39,15.93,20.676,0.8,0.0,80.0
2015-06-21,13.69,22.36,18.02,17.35,1.6,0.0,80.0
2015-06-22,9.9,14.07,11.98,5.21,17.4,0.0,80.0
2015-06-23,9.62,18.29,13.95,16.98,0.4,0.0,80.0
2015-06-24,5.46,22.93,14.2,26.806,0.0,0.0,80.0
2015-06-25,12.1,26.44,19.27,28.055,0.0,0.0,80.0
2015-06-26,12.87,29.56,21.21,22.285,0.0,0.0,80.0
2015-06-27,13.83,22.66,18.25,30.154,0.0,0.0,80.0
2015-06-28,8.72,27.02,17.87,26.875,0.0,0.0,80.0
2015-06-29,11.97,25.5,18.73,23.558,0.0,0.0,80.0
2015-06-30,12.23,30.76,21.5,30.023,0.0,0.0,80.0
2015-07-01,16.33,35.98,26.15,29.022,0.0,0.0,80.0
2015-07-02,17.05,27.84,22.45,21.784,0.0,0.0,80.0
2015-07-03,16.66,33.06,24.86,26.59,0.0,0.0,80.0
2015-07-04,20.01,29.52,24.77,21.572,0.2,0.0,80.0
2015-07-05,15.46,24.86,20.16,16.205,2.2,0.0,80.0
2015-07-06,11.01,29.04,20.02,28.759,0.0,0.0,80.0
2015-07-07,14.49,26.74,20.61,15.989,3.4,0.0,80.0
2015-07-08,11.24,19.6,15.42,11.997,2.8,0.0,80.0
2015-07-09,12.76,20.75,16.75,23.643,0.0,0.0,80.0
2015-07-10,7.93,26.89,17.41,29.687,0.0,0.0,80.0
2015-07-11,12.55,27.54,20.05,28.457,0.0,0.0,80.0
2015-07-12,9.42,22.6,16.01,14.824,1.6,0.0,80.0
2015-07-13,15.05,20.91,17.98,6.691,0.4,0.0,80.0
2015-07-14,17.16,23.62,20.39,12.182,0.0,0.0,80.0
2015-07-15,13.34,26.29,19.81,14.594,0.4,0.0,80.0
2015-07-16,15.06,33.98,24.52,25.459,0.0,0.0,80.0
2015-07-17,20.06,29.9,24.98,23.878,0.0,0.0,80.0
2015-07-18,13.76,26.38,20.07,20.752,6.7,0.0,80.0
2015-07-19,14.59,25.11,19.85,14.214,0.4,0.0,80.0
2015-07-20,17.08,24.94,21.01,8.606,1.6,0.0,80.0
2015-07-21,17.56,28.25,22.91,12.663,0.0,0.0,80.0
2015-07-22,16.92,26.05,21.48,21.04,0.0,0.0,80.0
2015-07-23,10.98,23.74,17.36,19.779,0.0,0.0,80.0
2015-07-24,13.71,27.17,20.44,14.933,1.8,0.0,80.0
2015-07-25,13.08,20.29,16.68,14.298,0.2,0.0,80.0
2015-07-26,6.94,19.39,13.17,8.909,7.0,0.0,80.0
2015-07-27,13.55,21.82,17.69,12.497,1.4,0.0,80.0
2015-07-28,13.36,19.77,16.56,12.771,0.0,0.0,80.0
2015-07-29,8.73,21.86,15.29,21.356,0.0,0.0,80.0
2015-07-30,7.59,19.77,13.68,20.454,0.2,0.0,80.0
2015-07-31,6.45,22.03,14.24,21.264,0.0,0.0,80.0
2015-08-01,8.99,25.57,17.28,24.64,0.0,0.0,80.0
2015-08-02,7.17,28.43,17.8,25.883,0.0,0.0,80.0
2015-08-03,14.12,33.07,23.59,24.3,3.0,0.0,80.0
2015-08-04,15.13,24.27,19.7,16.417,0.6,0.0,80.0
2015-08-05,11.28,29.58,20.43,24.412,0.0,0.0,80.0
2015-08-06,13.32,29.13,21.23,24.524,0.0,0.0,80.0
2015-08-07,13.82,28.61,21.21,17.549,0.0,0.0,80.0
2015-08-08,13.68,27.49,20.59,18.905,0.0,0.0,80.0
2015-08-09,16.05,24.62,20.34,11.563,0.0,0.0,80.0
2015-08-10,13.29,26.85,20.07,20.477,0.0,0.0,80.0
2015-08-11,13.5,27.87,20.69,20.531,0.0,0.0,80.0
2015-08-12,17.78,31.42,24.6,19.63,0.0,0.0,80.0
2015-08-13,20.54,34.67,27.61,16.245,6.2,0.0,80.0
2015-08-14,17.26,26.03,21.65,15.397,0.8,0.0,80.0
2015-08-15,15.91,20.33,18.12,7.991,10.5,0.0,80.0
2015-08-16,12.18,22.32,17.25,14.604,0.0,0.0,80.0
2015-08-17,9.75,18.81,14.28,9.078,3.6,0.0,80.0
2015-08-18,12.24,18.58,15.41,6.925,2.8,0.0,80.0
2015-08-19,11.74,24.71,18.23,18.961,0.8,0.0,80.0
2015-08-20,14.73,21.36,18.05,9.435,0.8,0.0,80.0
2015-08-21,13.09,27.78,20.44,22.777,0.0,0.0,80.0
2015-08-22,15.6,29.01,22.3,22.681,0.0,0.0,80.0
2015-08-23,15.7,23.0,19.35,10.038,3.0,0.0,80.0
2015-08-24,12.65,20.51,16.58,11.018,8.0,0.0,80.0
2015-08-25,12.37,19.45,15.91,12.803,0.4,0.0,80.0
2015-08-26,15.11,27.02,21.06,16.873,1.0,0.0,80.0
2015-08-27,13.67,15.97,14.82,2.953,15.7,0.0,80.0
2015-08-28,12.48,22.0,17.24,18.391,0.0,0.0,80.0
2015-08-29,11.46,27.8,19.63,20.839,0.0,0.0,80.0
2015-08-30,17.75,31.51,24.63,18.494,0.0,0.0,80.0
2015-08-31,19.28,29.44,24.36,12.164,1.8,0.0,80.0
2015-09-01,16.14,20.12,18.13,11.014,1.0,0.0,80.0
2015-09-02,8.25,19.89,14.07,15.471,0.2,0.0,80.0
2015-09-03,6.34,18.69,12.52,12.433,9.3,0.0,80.0
2015-09-04,8.96,16.66,12.81,8.311,0.2,0.0,80.0
2015-09-05,9.77,17.63,13.7,7.649,0.0,0.0,80.0
2015-09-06,6.46,16.9,11.68,11.094,0.0,0.0,80.0
2015-09-07,4.77,17.87,11.32,8.105,0.0,0.0,80.0
2015-09-08,10.37,17.42,13.89,9.522,0.2,0.0,80.0
2015-09-09,8.99,21.61,15.3,18.221,0.0,0.0,80.0
2015-09-10,9.6,22.01,15.8,19.202,0.0,0.0,80.0
2015-09-11,7.68,22.43,15.05,18.403,0.0,0.0,80.0
2015-09-12,13.34,18.26,15.8,4.83,17.4,0.0,80.0
2015-09-13,9.48,18.87,14.18,5.153,8.0,0.0,80.0
2015-09-14,11.86,18.52,15.19,8.938,5.4,0.0,80.0
2015-09-15,10.48,18.45,14.46,17.418,4.2,0.0,80.0
2015-09-16,12.61,18.47,15.54,3.527,8.8,0.0,80.0
2015-09-17,13.2,18.62,15.91,6.888,4.6,0.0,80.0
2015-09-18,9.74,17.28,13.51,7.613,11.5,0.0,80.0
2015-09-19,9.32,19.01,14.17,9.707,0.0,0.0,80.0
2015-09-20,5.4,19.59,12.5,16.873,0.2,0.0,80.0
2015-09-21,6.3,18.25,12.28,13.515,0.8,0.0,80.0
2015-09-22,11.85,15.39,13.62,7.694,5.0,0.0,80.0
2015-09-23,8.16,17.24,12.7,11.34,0.2,0.0,80.0
2015-09-24,9.24,16.36,12.8,6.492,2.0,0.0,80.0
2015-09-25,7.26,18.6,12.93,9.921,0.0,0.0,80.0
2015-09-26,7.72,17.17,12.45,13.929,0.0,0.0,80.0
2015-09-27,7.91,18.49,13.2,15.887,0.0,0.0,80.0
2015-09-28,7.64,17.98,12.81,15.425,0.0,0.0,80.0
2015-09-29,7.68,18.86,13.27,15.692,0.0,0.0,80.0
2015-09-30,8.16,18.53,13.35,15.441,0.0,0.0,80.0
2015-10-01,7.13,15.98,11.55,15.295,0.0,0.0,80.0
2015-10-02,5.47,19.19,12.33,14.805,0.0,0.0,80.0
2015-10-03,5.55,20.18,12.87,13.164,0.0,0.0,80.0
2015-10-04,3.93,18.43,11.18,11.3,0.4,0.0,80.0
2015-10-05,11.51,18.0,14.75,4.069,15.7,0.0,80.0
2015-10-06,14.93,20.55,17.74,6.596,5.2,0.0,80.0
2015-10-07,12.85,14.93,13.89,2.937,0.8,0.0,80.0
2015-10-08,9.79,15.51,12.65,7.325,0.2,0.0,80.0
2015-10-09,3.83,16.64,10.23,10.921,0.0,0.0,80.0
2015-10-10,7.39,16.33,11.86,8.586,0.2,0.0,80.0
2015-10-11,6.46,14.7,10.58,11.125,0.0,0.0,80.0
2015-10-12,5.42,13.89,9.66,9.403,0.0,0.0,80.0
2015-10-13,5.01,9.59,7.3,9.24,0.0,0.0,80.0
2015-10-14,0.91,9.26,5.08,4.233,5.6,0.0,80.0
2015-10-15,3.22,6.76,4.99,3.583,4.6,0.0,80.0
2015-10-16,4.49,8.51,6.5,1.42,0.6,0.0,80.0
2015-10-17,6.48,10.82,8.65,2.108,1.4,0.0,80.0
2015-10-18,7.27,12.38,9.82,6.253,0.0,0.0,80.0
2015-10-19,4.75,12.12,8.43,2.197,0.0,0.0,80.0
2015-10-20,7.96,12.09,10.03,2.745,1.0,0.0,80.0
2015-10-21,3.02,13.03,8.03,5.074,2.0,0.0,80.0
2015-10-22,10.2,14.93,12.56,3.365,0.6,0.0,80.0
2015-10-23,10.14,13.91,12.03,2.674,0.0,0.0,80.0
2015-10-24,7.89,14.56,11.22,6.024,0.0,0.0,80.0
2015-10-25,9.78,12.31,11.04,3.332,0.2,0.0,80.0
2015-10-26,6.79,14.64,10.71,9.207,0.2,0.0,80.0
2015-10-27,8.6,18.24,13.42,6.583,4.4,0.0,80.0
2015-10-28,10.74,15.01,12.88,2.738,1.8,0.0,80.0
2015-10-29,6.26,12.46,9.36,2.351,0.2,0.0,80.0
2015-10-30,6.42,14.59,10.5,6.386,0.0,0.0,80.0
2015-10-31,6.82,15.18,11.0,9.059,0.2,0.0,80.0
2015-11-01,4.71,15.69,10.2,8.851,0.4,0.0,80.0
2015-11-02,5.17,8.18,6.67,1.789,0.0,0.0,80.0
2015-11-03,5.5,13.5,9.5,4.067,0.0,0.0,80.0
2015-11-04,9.11,14.6,11.86,2.155,1.0,0.0,80.0
2015-11-05,9.33,18.18,13.75,4.147,2.6,0.0,80.0
2015-11-06,14.22,17.41,15.82,2.576,2.2,0.0,80.0
2015-11-07,15.79,19.33,17.56,3.335,0.0,0.0,80.0
2015-11-08,8.85,19.28,14.07,5.119,0.8,0.0,80.0
2015-11-09,11.44,15.48,13.46,6.365,0.0,0.0,80.0
2015-11-10,10.65,13.3,11.98,1.52,0.2,0.0,80.0
2015-11-11,6.35,14.24,10.29,4.006,0.8,0.0,80.0
2015-11-12,10.18,14.81,12.5,4.487,0.0,0.0,80.0
2015-11-13,9.61,14.06,11.84,3.423,1.8,0.0,80.0
2015-11-14,6.4,12.56,9.48,2.568,2.0,0.0,80.0
2015-11-15,8.74,15.63,12.19,3.473,0.0,0.0,80.0
2015-11-16,8.89,14.42,11.66,1.642,5.8,0.0,80.0
2015-11-17,12.96,16.56,14.76,2.722,1.2,0.0,80.0
2015-11-18,11.4,14.25,12.82,4.542,0.0,0.0,80.0
2015-11-19,12.12,14.67,13.39,1.121,10.3,0.0,80.0
2015-11-20,5.95,8.73,7.34,0.535,12.0,0.0,80.0
2015-11-21,1.72,6.53,4.13,2.567,7.0,0.0,80.0
2015-11-22,1.25,6.55,3.9,3.83,0.8,0.0,80.0
2015-11-23,-2.69,1.78,-0.45,2.707,0.6,0.0,80.0
2015-11-24,-0.33,7.01,3.34,0.943,6.0,0.0,80.0
2015-11-25,3.14,10.01,6.58,4.355,3.2,0.0,80.0
2015-11-26,2.44,9.25,5.84,4.011,0.2,0.0,80.0
2015-11-27,-0.2,7.39,3.59,1.198,1.0,0.0,80.0
2015-11-28,1.48,9.63,5.56,5.158,6.0,0.0,80.0
2015-11-29,6.99,11.94,9.46,1.905,3.5,0.0,80.0
2015-11-30,9.96,12.21,11.09,1.816,0.2,0.0,80.0
2015-12-01,10.6,12.29,11.45,1.161,0.0,0.0,80.0
2015-12-02,9.0,11.81,10.41,2.489,0.0,0.0,80.0
2015-12-03,3.83,10.36,7.09,1.676,1.2,0.0,80.0
2015-12-04,6.63,10.94,8.79,4.873,0.6,0.0,80.0
2015-12-05,1.65,8.67,5.16,3.817,0.0,0.0,80.0
2015-12-06,4.8,11.6,8.2,2.877,0.0,0.0,80.0
2015-12-07,4.56,12.23,8.39,3.147,0.0,0.0,80.0
2015-12-08,4.48,10.58,7.53,2.011,4.2,0.0,80.0
2015-12-09,3.3,10.09,6.7,4.365,0.2,0.0,80.0
2015-12-10,3.23,5.4,4.32,2.873,0.0,0.0,80.0
2015-12-11,1.75,9.84,5.79,0.847,2.0,0.0,80.0
2015-12-12,8.07,11.09,9.58,1.216,0.0,0.0,80.0
2015-12-13,7.12,9.49,8.3,2.123,0.0,0.0,80.0
2015-12-14,3.48,6.58,5.03,2.154,0.4,0.0,80.0
2015-12-15,3.57,11.65,7.61,1.89,7.3,0.0,80.0
2015-12-16,8.95,13.87,11.41,1.956,0.0,0.0,80.0
2015-12-17,10.17,15.52,12.84,3.132,0.0,0.0,80.0
2015-12-18,9.65,12.86,11.25,1.757,0.0,0.0,80.0
2015-12-19,9.2,14.73,11.96,3.649,0.0,0.0,80.0
2015-12-20,8.25,13.19,10.72,2.6,0.2,0.0,80.0
2015-12-21,8.82,11.95,10.38,2.787,3.2,0.0,80.0
2015-12-22,10.65,14.11,12.38,2.612,1.0,0.0,80.0
2015-12-23,7.34,12.1,9.72,3.414,0.4,0.0,80.0
2015-12-24,5.6,12.43,9.02,2.183,3.2,0.0,80.0
2015-12-25,7.77,12.69,10.23,1.084,1.0,0.0,80.0
2015-12-26,8.8,13.29,11.04,4.173,0.0,0.0,80.0
2015-12-27,7.43,12.75,10.09,3.709,0.0,0.0,80.0
2015-12-28,4.49,10.15,7.32,4.07,0.0,0.0,80.0
2015-12-29,5.63,11.55,8.59,2.357,0.4,0.0,80.0
2015-12-30,4.5,9.89,7.2,3.378,3.2,0.0,80.0
2015-12-31,5.59,10.56,8.07,4.375,0.2,0.0,80.0
